_id,name,slug,description,active,category,mainImgUrl,imgUrls[0],imgUrls[1],imgUrls[2],imgUrls[3],imgUrls[4],stockStatus,stock,availableStock,isFlashSale,flashSalePrice,flashSaleStock,flashSaleRemainingStock,bought,sold,style.dimensions.height,style.dimensions.width,style.dimensions.depth,style.style,style.size,style.color,style.material,style.weight,options[0].optionName,options[1].optionName,options[2].optionName,options[0].optionValues[0],options[0].optionValues[1],options[0].optionValues[2],options[1].optionValues[0],options[1].optionValues[1],options[2].optionValues[0],options[2].optionValues[1],options[0]._id,options[1]._id,options[2]._id,variants[0].name,variants[1].name,variants[2].name,variants[0].image,variants[1].image,variants[2].image,variants[0].selected,variants[1].selected,variants[2].selected,variants[0].indeterminate,variants[1].indeterminate,variants[2].indeterminate,variants[0].expanded,variants[1].expanded,variants[2].expanded,variants[0].price,variants[1].price,variants[2].price,variants[0].available,variants[1].available,variants[2].available,variants[0]._id,variants[1]._id,variants[2]._id,isFeatured,isBestSeller,price,costPrice,discountPrice,sku,barcode,brand,manufacturer,seller,saleChannel,shippingDetails.shippingClass,shippingDetails.returnPolicy,seo.url,seo.metaTitle,seo.metaDescription,ratingCount,ratingAverage,createdAt,updatedAt,variants[0].options[0].name,variants[0].options[1].name,variants[0].options[2].name,variants[0].options[3].name,variants[1].options[0].name,variants[1].options[1].name,variants[1].options[2].name,variants[1].options[3].name,variants[0].options[0].selected,variants[0].options[1].selected,variants[0].options[2].selected,variants[0].options[3].selected,variants[1].options[0].selected,variants[1].options[1].selected,variants[1].options[2].selected,variants[1].options[3].selected,variants[0].options[0].price,variants[0].options[1].price,variants[0].options[2].price,variants[0].options[3].price,variants[1].options[0].price,variants[1].options[1].price,variants[1].options[2].price,variants[1].options[3].price,variants[0].options[0].available,variants[0].options[1].available,variants[0].options[2].available,variants[0].options[3].available,variants[1].options[0].available,variants[1].options[1].available,variants[1].options[2].available,variants[1].options[3].available,variants[0].options[0]._id,variants[0].options[1]._id,variants[0].options[2]._id,variants[0].options[3]._id,variants[1].options[0]._id,variants[1].options[1]._id,variants[1].options[2]._id,variants[1].options[3]._id,flashSaleExpiresAt,flashSaleStartsAt
672f6b7e5c04d7efe4934ca1,Smartphone ITEL A50 64Go + 2Go Green,smartphone-itel-a50-64go--2go-green,"<p><span style=""color: rgb(102, 102, 102);"">Le Smartphone ITEL A50 5G allie performance et élégance avec son design vert moderne. Équipé d'un écran de 6,6 pouces et d'un processeur octa-core, il offre une expérience fluide pour le multitâche et le divertissement. Sa batterie de 5000mAh assure une autonomie durable, tandis que ses fonctionnalités de connectivité 4G, Wi-Fi et Bluetooth garantissent un accès rapide à internet. Un choix idéal pour ceux qui recherchent un smartphone abordable et performant.</span></p>",true,6722336dd4dc8d92e6168a36,https://yalla.srv.tn/media/products/images/product-1731160782524.jpg,https://yalla.srv.tn/media/products/images/product-1731160831564.jpg,https://yalla.srv.tn/media/products/images/product-1731160860819.jpg,,,,In Stock,10,0,false,0,0,0,0,0,0,0,0,,,,,0,Couleur,,,Gold,Black,Green,,,,,672f6b7e5c04d7efe4934ca2,,,Gold,Black,Green,,,,false,false,false,false,false,false,false,false,false,319,319,319,10,10,10,672f6b7e5c04d7efe4934ca3,672f6b7e5c04d7efe4934ca4,672f6b7e5c04d7efe4934ca5,true,false,379,250,319,12,,ITEL,,,Online,,,,,,0,0,2024-11-09T14:02:38.520Z,2024-11-14T14:57:43.922Z,,,,,,,,,,,,,,,,,,,,,,,,,,,,,,,,,,,,,,,,,,
67329e75e4f90586dc0cd8be,FRISKIES® Adult Balance 10 kg,friskies-adult-balance-10-kg,"<p><span style=""color: rgb(0, 0, 0);"">PURINA® Friskies® Balance est un aliment source de protéines de haute qualité et de tous les nutriments dont votre chien a besoin pour une vie heureuse et en bonne santé. Il s'agit d'une une délicieuse recette au poulet et légumes ajoutés avec des céréales complètes, des vitamines B et des acides gras Oméga 3 &amp; 6.</span></p>",true,672f60615c04d7efe493319a,https://yalla.srv.tn/media/products/images/product-1731370565491.jpg,,,,,,In Stock,10,0,false,0,0,0,0,0,0,0,0,,,,,0,,,,,,,,,,,,,,,,,,,,,,,,,,,,,,,,,,,,,,false,false,170,100,139,14,,Friskies,,,Online,,,,,,0,0,2024-11-12T00:16:53.740Z,2025-02-02T15:13:35.275Z,,,,,,,,,,,,,,,,,,,,,,,,,,,,,,,,,,,,,,,,,,
67329ed7e4f90586dc0cdab9,Royal canin CHIEN Mini Puppy 2 Kg,royal-canin-chien-mini-puppy-2-kg,"<p><span style=""color: rgb(0, 0, 0);"">Aliment complet pour chiots de petites races (poids adulte jusqu’à 10 kg) – Jusqu’à 10 mois</span></p>",true,672f60615c04d7efe493319a,https://yalla.srv.tn/media/products/images/product-1731370943048.webp,,,,,,In Stock,0,0,false,0,0,0,0,0,0,0,0,,,,,0,,,,,,,,,,,,,,,,,,,,,,,,,,,,,,,,,,,,,,false,false,131,70,100,15,,Royal Canin,,,Online,,,,,,0,0,2024-11-12T00:18:31.093Z,2024-11-15T20:25:38.622Z,,,,,,,,,,,,,,,,,,,,,,,,,,,,,,,,,,,,,,,,,,
67329f5ee4f90586dc0cdafb,Royal Canin CHIEN Spitz Nain Adult 1.5 Kg,royal-canin-chien-spitz-nain-adult-15-kg,"<p>Aliment complet pour chiens&nbsp;- Spécialement conçu pour Spitz nain&nbsp;à partir de 8 mois.</p><p>ROYAL CANIN® Pomeranian Adult est une formule sur mesure spécialement conçue pour les Spitz nains adultes comme le vôtre. ROYAL CANIN® Pomeranian Adult contient des nutriments haut de gamme et une teneur en minéraux adaptée pour maintenir la santé des os et des articulations. Cette formule contribue également à soutenir le rôle de la peau en tant que barrière, aide à maintenir la santé de la peau et à nourrir le pelage. De plus, ROYAL CANIN® Pomeranian Adult contient un mélange équilibré de fibres, dont du psyllium, qui aide à faciliter le transit intestinal et des protéines hautement digestibles (L.I.P*) qui favorisent des selles de qualité optimale.</p>",true,672f60615c04d7efe493319a,https://yalla.srv.tn/media/products/images/product-1731370726128.jpg,,,,,,In Stock,10,0,false,0,0,0,0,0,0,0,0,,,,,0,,,,,,,,,,,,,,,,,,,,,,,,,,,,,,,,,,,,,,false,false,114,60,90,16,,Royal Canin,,,Online,,,,,,0,0,2024-11-12T00:20:46.074Z,2024-11-12T00:25:47.786Z,,,,,,,,,,,,,,,,,,,,,,,,,,,,,,,,,,,,,,,,,,
673609f40be89c22b3adef77,Smartphone Redmi 14C 128Go + 4Go Midnight Black,smartphone-redmi-14c-128go--4go-midnight-black,"<p><span style=""color: rgb(102, 102, 102);"">Le&nbsp;</span><strong style=""color: rgb(102, 102, 102);"">Redmi 14C 128Go</strong><span style=""color: rgb(102, 102, 102);"">&nbsp;en&nbsp;</span><strong style=""color: rgb(102, 102, 102);"">version Midnight Black</strong><span style=""color: rgb(102, 102, 102);"">&nbsp;combine&nbsp;</span><strong style=""color: rgb(102, 102, 102);"">performance et élégance.</strong><span style=""color: rgb(102, 102, 102);"">&nbsp;Équipé de&nbsp;</span><strong style=""color: rgb(102, 102, 102);"">4Go de RAM,</strong><span style=""color: rgb(102, 102, 102);"">&nbsp;d’un grand espace de&nbsp;</span><strong style=""color: rgb(102, 102, 102);"">stockage de 128Go</strong><span style=""color: rgb(102, 102, 102);"">&nbsp;et d’un</span><strong style=""color: rgb(102, 102, 102);"">&nbsp;processeur efficace,</strong><span style=""color: rgb(102, 102, 102);"">&nbsp;ce smartphone offre&nbsp;</span><strong style=""color: rgb(102, 102, 102);"">une expérience fluide et rapide au quotidien.</strong><span style=""color: rgb(102, 102, 102);"">&nbsp;Son&nbsp;</span><strong style=""color: rgb(102, 102, 102);"">écran large et lumineux garantit une immersion visuelle optimale,</strong><span style=""color: rgb(102, 102, 102);"">&nbsp;tandis que sa&nbsp;</span><strong style=""color: rgb(102, 102, 102);"">batterie longue durée assure une autonomie prolongée.</strong><span style=""color: rgb(102, 102, 102);"">&nbsp;Idéal pour&nbsp;</span><strong style=""color: rgb(102, 102, 102);"">capturer des moments inoubliables grâce à ses caméras avancées,</strong><span style=""color: rgb(102, 102, 102);"">&nbsp;il devient un allié&nbsp;</span><strong style=""color: rgb(102, 102, 102);"">parfait pour la productivité et le divertissement.</strong></p>",true,673608600be89c22b3adead5,https://yalla.srv.tn/media/products/images/product-1731594607747.jpg,https://yalla.srv.tn/media/products/images/product-1731594607745.jpg,https://yalla.srv.tn/media/products/images/product-1731594607746.jpg,,,,In Stock,10,0,false,0,0,0,0,0,0,0,0,,,,,0,,,,,,,,,,,,,,,,,,,,,,,,,,,,,,,,,,,,,,false,false,499,400,459,19,,Xiaomi,,,Online,,,,,,0,0,2024-11-14T14:32:20.207Z,2024-11-14T14:52:47.346Z,,,,,,,,,,,,,,,,,,,,,,,,,,,,,,,,,,,,,,,,,,
67360a800be89c22b3adf008,Smartphone Redmi 14C 128Go + 4Go Green,smartphone-redmi-14c-128go--4go-green,"<p>Le&nbsp;<strong>Redmi 14C</strong>&nbsp;combine&nbsp;<strong>performance et espace de stockage</strong>&nbsp;avec&nbsp;<strong>128 Go de mémoire interne et 4 Go de RAM,</strong>&nbsp;le tout dans un&nbsp;<strong>design vert élégant.</strong>&nbsp;Ce smartphone offre&nbsp;<strong>un écran HD immersif et une batterie qui assure une autonomie prolongée,</strong>&nbsp;idéal pour les utilisateurs cherchant&nbsp;<strong>puissance et praticité au quotidien.</strong></p><p><br></p><p><br></p>",true,673608600be89c22b3adead5,https://yalla.srv.tn/media/products/images/product-1731594842493.jpg,https://yalla.srv.tn/media/products/images/product-1731594842492.jpg,https://yalla.srv.tn/media/products/images/product-1731594842490.jpg,,,,In Stock,10,0,false,0,0,0,0,0,0,0,0,,,,,0,,,,,,,,,,,,,,,,,,,,,,,,,,,,,,,,,,,,,,false,false,499,400,459,20,,Xiaomi,,,Online,,,,,,0,0,2024-11-14T14:34:40.115Z,2024-11-15T15:39:37.271Z,,,,,,,,,,,,,,,,,,,,,,,,,,,,,,,,,,,,,,,,,,
67360b9d0be89c22b3adf08c,Smartphone Oppo A3,smartphone-oppo-a3,"<p>Le&nbsp;<strong>Smartphone Oppo A3</strong>&nbsp;offre une&nbsp;<strong>puissance solide avec 8 Go de RAM, 256 Go de stockage et un processeur Qualcomm Snapdragon 6s 4G Gen1.</strong>&nbsp;Ce modèle de&nbsp;<strong>6,67 pouces, élégant et performant</strong>, est conçu pour une&nbsp;<strong>navigation fluide et des photos de qualité,</strong>&nbsp;grâce à une&nbsp;<strong>caméra arrière de 50 MP</strong>&nbsp;et une&nbsp;<strong>batterie longue durée de 5100 mAh.</strong></p><p><br></p>",true,673608600be89c22b3adead5,https://yalla.srv.tn/media/products/images/product-1731595145836.jpg,https://yalla.srv.tn/media/products/images/product-1731595138433.jpg,https://yalla.srv.tn/media/products/images/product-1731595138434.jpg,,,,In Stock,49,0,true,500,2,2,0,0,0,0,0,,,,,0,Color,Stockage,Cache,Black,Starry Purple,,128Go,256Go,Silicon,Steel,673dbf870be89c22b3ae7f47,673dc6bc0be89c22b3ae872f,673dd5830be89c22b3ae8fe0,Black,Starry Purple,,https://yalla.srv.tn/media/products/images/product-1732102781558.jpg,https://yalla.srv.tn/media/products/images/product-1732102784489.jpg,,false,false,,true,true,,false,false,,820,849,,5,7,,673ddb320be89c22b3ae93b7,673ddb320be89c22b3ae93bc,,false,false,899,800,849,22,,OPPO,,,Online,,,,,,0,0,2024-11-14T14:39:25.833Z,2025-02-01T17:19:36.698Z,128Go / Silicon,128Go / Steel,256Go / Silicon,256Go / Steel,128Go / Silicon,128Go / Steel,256Go / Silicon,256Go / Steel,true,false,false,false,false,true,true,true,820,820,820,820,849,849,899,899,2,0,0,3,0,2,0,5,673ddb320be89c22b3ae93b8,673ddb320be89c22b3ae93b9,673ddb320be89c22b3ae93ba,673ddb320be89c22b3ae93bb,673ddb320be89c22b3ae93bd,673ddb320be89c22b3ae93be,673ddb320be89c22b3ae93bf,673ddb320be89c22b3ae93c0,2025-02-02T17:07:27.187Z,2025-02-01T17:09:00.000Z
67360c320be89c22b3adf178,Smartphone Oppo Reno 12 F 5G 12Go + 256Go Amber Brown,smartphone-oppo-reno-12-f-5g-12go--256go-amber-brown,"<p>Le&nbsp;<strong>Smartphone Oppo Reno 12 F 5G</strong>&nbsp;allie&nbsp;<strong>performance et élégance avec ses 12 Go de RAM et 256 Go de stockage.</strong>&nbsp;Doté d'un&nbsp;<strong>écran AMOLED de 6,67 pouces</strong>&nbsp;offrant une&nbsp;<strong>résolution de 2400 x 1080 pixels,</strong>&nbsp;ce smartphone garantit une&nbsp;<strong>expérience visuelle immersive.</strong>&nbsp;Ses capacités photo impressionnantes, comprenant un&nbsp;<strong>triple capteur de 50MP</strong>&nbsp;à l'arrière et un&nbsp;<strong>appareil frontal de 32MP,</strong>&nbsp;le rendent idéal pour capturer des moments précieux. La&nbsp;<strong>connectivité 5G</strong>&nbsp;et une&nbsp;<strong>batterie de 5000 mAh</strong>&nbsp;complètent ses atouts.</p><p><br></p><p><br></p>",true,673608600be89c22b3adead5,https://yalla.srv.tn/media/products/images/product-1731595232106.jpg,https://yalla.srv.tn/media/products/images/product-1731595232105.jpg,https://yalla.srv.tn/media/products/images/product-1731595237791.jpg,,,,In Stock,10,0,false,0,0,0,0,0,0,0,0,,,,,0,,,,,,,,,,,,,,,,,,,,,,,,,,,,,,,,,,,,,,false,false,1699,1300,1499,23,,OPPO,,,Online,,,,,,0,0,2024-11-14T14:41:54.866Z,2024-11-14T14:46:54.389Z,,,,,,,,,,,,,,,,,,,,,,,,,,,,,,,,,,,,,,,,,,
67360c9c0be89c22b3adf1ba,Samsung Galaxy S24 Ultra 256GB / 12GB Black,samsung-galaxy-s24-ultra-256gb--12gb-black,"<p><strong>Le Samsung Galaxy S24 Ultra</strong>&nbsp;impressionne par son&nbsp;<strong>design élégant</strong>&nbsp;et ses&nbsp;<strong>performances exceptionnelles.</strong>&nbsp;Ce modèle, doté de&nbsp;<strong>256 Go de stockage</strong>&nbsp;et&nbsp;<strong>12 Go de RAM,</strong>&nbsp;est conçu pour répondre aux besoins des&nbsp;<strong>utilisateurs exigeants,</strong>&nbsp;<strong>offrant une fluidité optimale et une expérience immersive.</strong>&nbsp;Son appareil photo de&nbsp;<strong>qualité professionnelle</strong>&nbsp;et son&nbsp;<strong>écran ultra-haute résolution</strong>&nbsp;en font le choix idéal pour capturer et profiter de chaque instant avec une netteté incroyable.</p><p><br></p><p><br></p>",true,6722336dd4dc8d92e6168a36,https://yalla.srv.tn/media/products/images/product-1731595381843.jpg,https://yalla.srv.tn/media/products/images/product-1731595387717.jpg,https://yalla.srv.tn/media/products/images/product-1731595383747.jpg,https://yalla.srv.tn/media/products/images/product-1731595385880.jpg,,,In Stock,0,0,false,0,0,0,0,0,0,0,0,,,,,0,,,,,,,,,,,,,,,,,,,,,,,,,,,,,,,,,,,,,,false,false,6499,5499,5999,24,,Samsung,,,Online,,,,,,0,0,2024-11-14T14:43:40.985Z,2024-11-14T14:46:58.296Z,,,,,,,,,,,,,,,,,,,,,,,,,,,,,,,,,,,,,,,,,,
67360d220be89c22b3adf2e0,Samsung Galaxy A15 128GB + 4Go Light Blue,samsung-galaxy-a15-128gb--4go-light-blue,"<p>- Écran 6.5"" Super Amoled</p><p>- Processeur: Mediatek Hélio G99 (6 nm) Octa-core</p><p>- Système d'exploitation: Android 14</p><p>- Mémoire RAM: 4 Go - Stockage: 128Go</p><p>- Appareil photo Arrière: Trio 50MP + 5MP + 2MP - Appareil Photo Frontale: 13MP</p><p>- Connectivité: 4G, Wifi et Bluetooth 5.3 - Double SIM</p><p>- Capacité de la batterie: 5000 mAh - Super Charge 25W</p><p>- Empreinte digitale - NFC&nbsp;</p>",true,6722336dd4dc8d92e6168a36,https://yalla.srv.tn/media/products/images/product-1731595480210.jpg,,,,,,In Stock,10,0,false,0,0,0,0,0,0,0,0,,,,,0,,,,,,,,,,,,,,,,,,,,,,,,,,,,,,,,,,,,,,false,false,749,649,699,25,,Samsung,,,Online,,,,,,0,0,2024-11-14T14:45:54.400Z,2024-11-14T17:56:36.822Z,,,,,,,,,,,,,,,,,,,,,,,,,,,,,,,,,,,,,,,,,,
67360de10be89c22b3adf841,Samsung Galaxy A24 8/128 - Silver,samsung-galaxy-a24-8128---silver,"<p>- Double Sim</p><p>- Ecran&nbsp;Super AMOLED, Full HD+ 90 Hz</p><p>- Processeur : Mediatek MT8781 Helio G99 Octa-core&nbsp;</p><p>- RAM 8 Go - Mémoire 128 Go</p><p>- Android 13 Samsung One UI 5.1 - Appareil Photo : 50.0 MP (F1.8) + 5.0 MP (F2.2) + 2.0 MP (F2.4), caméra frontale de 13 MP (f/2.2) - Connectivité BlueTooth 5.3 - Wi-Fi - Wi-Fi Direct - USB Type C - 4g - Lecteur d'empreinte digitale - Batterie 5000 mAh - Charge rapide 25W - Dimensions 162.1 x 77.6 x 8.3 mm - Poids 195 g - Couleur Vert - Garantie 1 an + Adaptateur Samsung 25W Offert</p>",true,6722336dd4dc8d92e6168a36,https://yalla.srv.tn/media/products/images/product-1731595722263.jpg,,,,,,In Stock,10,0,false,0,0,0,0,0,0,0,0,,,,,0,,,,,,,,,,,,,,,,,,,,,,,,,,,,,,,,,,,,,,false,false,1299,1099,1219,26,,Samsung,,,Online,,,,,,0,0,2024-11-14T14:49:05.179Z,2024-11-15T16:00:58.853Z,,,,,,,,,,,,,,,,,,,,,,,,,,,,,,,,,,,,,,,,,,
67360e1a0be89c22b3adf8d4,Samsung Galaxy A05s 128Go + 6Go Violet,samsung-galaxy-a05s-128go--6go-violet,"<p><strong>Samsung Galaxy A05s 128Go + 6Go - Violet</strong></p><p>Découvrez le nouveau Samsung Galaxy A05S, un smartphone alliant style et performance. Son design épuré et son écran HD+ de 6,5 pouces offrent une expérience visuelle immersive. Équipé d'un puissant processeur octa-core et d'une batterie de 5 000 mAh, il assure des performances fluides tout au long de la journée. Capturez chaque moment avec sa triple caméra 13 MP et accédez rapidement à votre appareil grâce au capteur d'empreintes digitales sur le côté. Connectivité 4G LTE et stockage extensible jusqu'à 512 Go font du Galaxy A05S le choix idéal pour allier élégance et fonctionnalité au quotidien.</p>",true,6722336dd4dc8d92e6168a36,https://yalla.srv.tn/media/products/images/product-1731595789213.jpg,,,,,,In Stock,10,0,false,0,0,0,0,0,0,0,0,,,,,0,,,,,,,,,,,,,,,,,,,,,,,,,,,,,,,,,,,,,,false,false,699,599,659,27,,Samsung,,,Online,,,,,,0,0,2024-11-14T14:50:02.436Z,2024-11-15T16:01:12.215Z,,,,,,,,,,,,,,,,,,,,,,,,,,,,,,,,,,,,,,,,,,
67360e6d0be89c22b3adfa2c,Smartphone Infinix Hot 50i 128Go + 6Go Black,smartphone-infinix-hot-50i-128go--6go-black,"<p><span style=""color: rgb(102, 102, 102);"">Le&nbsp;</span><strong style=""color: rgb(102, 102, 102);"">Smartphone Infinix Hot 50i</strong><span style=""color: rgb(102, 102, 102);"">&nbsp;allie performance et style avec sa&nbsp;</span><strong style=""color: rgb(102, 102, 102);"">finition</strong><span style=""color: rgb(102, 102, 102);"">&nbsp;</span><strong style=""color: rgb(102, 102, 102);"">Noire élégante</strong><span style=""color: rgb(102, 102, 102);"">. Doté d’un&nbsp;</span><strong style=""color: rgb(102, 102, 102);"">écran LCD IPS de 6,7 pouces,</strong><span style=""color: rgb(102, 102, 102);"">&nbsp;il offre une&nbsp;</span><strong style=""color: rgb(102, 102, 102);"">résolution de 720 x 1600 pixels,</strong><span style=""color: rgb(102, 102, 102);"">&nbsp;parfait pour le divertissement et la navigation. Avec un puissant&nbsp;</span><strong style=""color: rgb(102, 102, 102);"">processeur MediaTek Helio G81</strong><span style=""color: rgb(102, 102, 102);"">,&nbsp;</span><strong style=""color: rgb(102, 102, 102);"">6 Go de RAM et 128 Go de stockage,</strong><span style=""color: rgb(102, 102, 102);"">&nbsp;ce smartphone assure une&nbsp;</span><strong style=""color: rgb(102, 102, 102);"">expérience fluide et réactive.</strong><span style=""color: rgb(102, 102, 102);"">&nbsp;Sa&nbsp;</span><strong style=""color: rgb(102, 102, 102);"">batterie de 5000 mAh</strong><span style=""color: rgb(102, 102, 102);"">&nbsp;permet une&nbsp;</span><strong style=""color: rgb(102, 102, 102);"">autonomie prolongée,</strong><span style=""color: rgb(102, 102, 102);"">&nbsp;tandis que ses capacités photo, incluant un&nbsp;</span><strong style=""color: rgb(102, 102, 102);"">appareil photo principal de 48 Mégapixels,</strong><span style=""color: rgb(102, 102, 102);"">&nbsp;garantissent des clichés de qualité.</span></p>",true,673608600be89c22b3adead5,https://yalla.srv.tn/media/products/images/product-1731595872095.jpg,https://yalla.srv.tn/media/products/images/product-1731595873981.jpg,,,,,In Stock,10,0,false,0,0,0,0,0,0,0,0,,,,,0,,,,,,,,,,,,,,,,,,,,,,,,,,,,,,,,,,,,,,false,false,449,349,419,28,,Infinix,,,Online,,,,,,0,0,2024-11-14T14:51:25.292Z,2024-11-15T16:01:24.977Z,,,,,,,,,,,,,,,,,,,,,,,,,,,,,,,,,,,,,,,,,,
67360eaf0be89c22b3adfa6e,Smartphone Infinix SMART 8 HD 64Go + 2Go Gold,smartphone-infinix-smart-8-hd-64go--2go-gold,"<p><span style=""color: rgb(102, 102, 102);"">Le&nbsp;</span><strong style=""color: rgb(102, 102, 102);"">Infinix SMART 8 HD</strong><span style=""color: rgb(102, 102, 102);"">&nbsp;allie performances&nbsp;</span><strong style=""color: rgb(102, 102, 102);"">fiables et fonctionnalités essentielles dans un design moderne or.</strong><span style=""color: rgb(102, 102, 102);"">&nbsp;Doté d’un&nbsp;</span><strong style=""color: rgb(102, 102, 102);"">écran de 6.6 pouces,</strong><span style=""color: rgb(102, 102, 102);"">&nbsp;il offre une&nbsp;</span><strong style=""color: rgb(102, 102, 102);"">expérience visuelle immersive,</strong><span style=""color: rgb(102, 102, 102);"">&nbsp;tandis que le&nbsp;</span><strong style=""color: rgb(102, 102, 102);"">processeur Unisoc T606</strong><span style=""color: rgb(102, 102, 102);"">&nbsp;assure une fluidité adaptée aux applications quotidiennes. Avec une&nbsp;</span><strong style=""color: rgb(102, 102, 102);"">batterie puissante de 5000 mAh,</strong><span style=""color: rgb(102, 102, 102);"">&nbsp;profitez de&nbsp;</span><strong style=""color: rgb(102, 102, 102);"">longues heures d’autonomie.</strong><span style=""color: rgb(102, 102, 102);"">&nbsp;Ce smartphone est un choix parfait pour ceux recherchant&nbsp;</span><strong style=""color: rgb(102, 102, 102);"">efficacité et simplicité au quotidien.</strong></p>",true,673608600be89c22b3adead5,https://yalla.srv.tn/media/products/images/product-1731595942142.jpg,https://yalla.srv.tn/media/products/images/product-1731595942141.jpg,,,,,In Stock,10,0,true,2.001,5,5,0,0,0,0,0,,,,,0,,,,,,,,,,,,,,,,,,,,,,,,,,,,,,,,,,,,,,false,false,349,259,309,29,,Infinix,,,Online,,,,,,0,0,2024-11-14T14:52:31.070Z,2024-11-15T16:29:29.594Z,,,,,,,,,,,,,,,,,,,,,,,,,,,,,,,,,,,,,,,,,2024-11-16T18:45:00.000Z,
673677ec0be89c22b3ae1530,Smartphone Infinix Hot 50i 128Go + 6Go Green,smartphone-infinix-hot-50i-128go--6go-green,"<p><span style=""color: rgb(102, 102, 102);"">Le&nbsp;</span><strong style=""color: rgb(102, 102, 102);"">Smartphone Infinix Hot 50i</strong><span style=""color: rgb(102, 102, 102);"">&nbsp;allie performance et style avec sa&nbsp;</span><strong style=""color: rgb(102, 102, 102);"">finition</strong><span style=""color: rgb(102, 102, 102);"">&nbsp;</span><strong style=""color: rgb(102, 102, 102);"">Green</strong><span style=""color: rgb(102, 102, 102);"">. Doté d’un&nbsp;</span><strong style=""color: rgb(102, 102, 102);"">écran LCD IPS de 6,7 pouces,</strong><span style=""color: rgb(102, 102, 102);"">&nbsp;il offre une&nbsp;</span><strong style=""color: rgb(102, 102, 102);"">résolution de 720 x 1600 pixels,</strong><span style=""color: rgb(102, 102, 102);"">&nbsp;idéal pour&nbsp;</span><strong style=""color: rgb(102, 102, 102);"">profiter de vos contenus multimédias.</strong><span style=""color: rgb(102, 102, 102);"">&nbsp;Avec un puissant&nbsp;</span><strong style=""color: rgb(102, 102, 102);"">processeur MediaTek Helio G81, 6 Go de RAM et 128 Go de stockage,</strong><span style=""color: rgb(102, 102, 102);"">&nbsp;ce smartphone assure une&nbsp;</span><strong style=""color: rgb(102, 102, 102);"">expérience fluide et réactive.</strong><span style=""color: rgb(102, 102, 102);"">&nbsp;Sa</span><strong style=""color: rgb(102, 102, 102);"">&nbsp;batterie de 5000 mAh</strong><span style=""color: rgb(102, 102, 102);"">&nbsp;permet une&nbsp;</span><strong style=""color: rgb(102, 102, 102);"">autonomie prolongée,</strong><span style=""color: rgb(102, 102, 102);"">&nbsp;tandis que ses&nbsp;</span><strong style=""color: rgb(102, 102, 102);"">capacités photo, incluant un appareil photo principal de</strong><span style=""color: rgb(102, 102, 102);"">&nbsp;</span><strong style=""color: rgb(102, 102, 102);"">48 Mégapixels,</strong><span style=""color: rgb(102, 102, 102);"">&nbsp;garantissent des&nbsp;</span><strong style=""color: rgb(102, 102, 102);"">clichés de qualité.</strong></p>",true,673608600be89c22b3adead5,https://yalla.srv.tn/media/products/images/product-1731622612463.jpg,https://yalla.srv.tn/media/products/images/product-1731622619548.jpg,,,,,In Stock,0,0,false,0,0,0,0,0,0,0,0,,,,,0,,,,,,,,,,,,,,,,,,,,,,,,,,,,,,,,,,,,,,true,true,450,419,419,30,,Xiaomi,,,Online,,,,,,0,0,2024-11-14T22:21:32.796Z,2024-11-15T15:50:59.258Z,,,,,,,,,,,,,,,,,,,,,,,,,,,,,,,,,,,,,,,,,,
673c8af20be89c22b3ae6719,Smartphone Redmi 14C 256Go + 8Go Starry Blue,smartphone-redmi-14c-256go--8go-starry-blue,"<p><span style=""color: rgb(102, 102, 102);"">Le&nbsp;</span><strong style=""color: rgb(102, 102, 102);"">Smartphone Redmi 14C</strong><span style=""color: rgb(102, 102, 102);"">&nbsp;combine&nbsp;</span><strong style=""color: rgb(102, 102, 102);"">performance et élégance dans une couleur Starry Blue captivante.</strong><span style=""color: rgb(102, 102, 102);"">&nbsp;Équipé d'un&nbsp;</span><strong style=""color: rgb(102, 102, 102);"">processeur puissant MediaTek Helio G81-Ultra,</strong><span style=""color: rgb(102, 102, 102);"">&nbsp;il offre une&nbsp;</span><strong style=""color: rgb(102, 102, 102);"">expérience fluide et rapide,</strong><span style=""color: rgb(102, 102, 102);"">&nbsp;idéal pour le multitâche. Avec une&nbsp;</span><strong style=""color: rgb(102, 102, 102);"">capacité de stockage généreuse de 256 Go et 8 Go de RAM,</strong><span style=""color: rgb(102, 102, 102);"">&nbsp;ce smartphone&nbsp;</span><strong style=""color: rgb(102, 102, 102);"">s'adapte à tous vos besoins numériques.</strong></p>",true,673608600be89c22b3adead5,https://yalla.srv.tn/media/products/images/product-1732020935761.jpg,https://yalla.srv.tn/media/products/images/product-1732020938967.jpg,https://yalla.srv.tn/media/products/images/product-1732020930835.jpg,,,,In Stock,10,0,false,0,0,0,0,0,0,0,0,,,,,0,,,,,,,,,,,,,,,,,,,,,,,,,,,,,,,,,,,,,,false,false,649,400,579,31,,Xiaomi,,,Online,,,,,,0,0,2024-11-19T12:56:18.413Z,2024-11-19T13:05:58.575Z,,,,,,,,,,,,,,,,,,,,,,,,,,,,,,,,,,,,,,,,,,
673c8b5a0be89c22b3ae673a,Écouteurs Sans Fil Lenovo Thinkplus Live Pods XT92 Black,ecouteurs-sans-fil-lenovo-thinkplus-live-pods-xt92-black,"<ul><li><strong>Couleur</strong>&nbsp;: Noir</li><li><strong>Technologie</strong>&nbsp;: Bluetooth 5.1</li><li><strong>Autonomie</strong>&nbsp;: Jusqu'à 5 heures (écoute continue)</li><li><strong>Temps de charge</strong>&nbsp;: Environ 1,5 heure</li><li><strong>Portée sans fil</strong>&nbsp;: 10 mètres</li><li><strong>Poids</strong>&nbsp;: 3,8 g (par écouteur)</li><li><strong>Compatibilité</strong>&nbsp;: Android, iOS, PC</li><li><strong>Autres fonctionnalités</strong>&nbsp;: Réduction du bruit, contrôle tactile, faible latence</li></ul><p><br></p>",true,672235e8d4dc8d92e6168b85,https://yalla.srv.tn/media/products/images/product-1732021062185.jpg,https://yalla.srv.tn/media/products/images/product-1732021062185.jpg,https://yalla.srv.tn/media/products/images/product-1732021062186.jpg,,,,In Stock,10,0,false,0,0,0,0,0,0,0,0,,,,,0,,,,,,,,,,,,,,,,,,,,,,,,,,,,,,,,,,,,,,false,false,99,50,79,32,,Lenovo,,,Online,,,,,,0,0,2024-11-19T12:58:02.796Z,2024-11-19T13:05:59.557Z,,,,,,,,,,,,,,,,,,,,,,,,,,,,,,,,,,,,,,,,,,
673c8bc60be89c22b3ae675b,Écouteurs Sans Fil Lenovo Thinkplus Live Pods XT92 White,ecouteurs-sans-fil-lenovo-thinkplus-live-pods-xt92-white,"<ul><li><strong>Bluetooth :</strong>&nbsp;Version 5.1</li><li><strong>Technologie de réduction de bruit :</strong>&nbsp;Active, pour une meilleure immersion</li><li><strong>Autonomie :</strong>&nbsp;Jusqu'à 5 heures d'utilisation continue</li><li><strong>Boîtier de charge :</strong>&nbsp;Recharge rapide et stockage sécurisé</li><li><strong>Distance de connexion :</strong>&nbsp;Jusqu'à 10 mètres</li><li><strong>Design :</strong>&nbsp;Ergonomique, couleur blanche</li><li><strong>Compatibilité :</strong>&nbsp;Smartphones, tablettes, ordinateurs portables et autres appareils Bluetooth</li></ul><p><br></p>",true,672235e8d4dc8d92e6168b85,https://yalla.srv.tn/media/products/images/product-1732021136414.jpg,https://yalla.srv.tn/media/products/images/product-1732021136415.jpg,,,,,In Stock,10,0,false,0,0,0,0,0,0,0,0,,,,,0,,,,,,,,,,,,,,,,,,,,,,,,,,,,,,,,,,,,,,false,false,99,49,79,33,,Lenovo,,,Online,,,,,,0,0,2024-11-19T12:59:50.045Z,2024-11-19T13:06:00.446Z,,,,,,,,,,,,,,,,,,,,,,,,,,,,,,,,,,,,,,,,,,
673c8c500be89c22b3ae677c,JBL Tune 130NC noise cancelation JBL buds TWS - Black,jbl-tune-130nc-noise-cancelation-jbl-buds-tws---black,<ul><li>Technologie de Connectivité: Bluetooth 5.2</li><li>Temps de charge (heures si vide) 2hr</li><li>Autonomie maximale avec Réduction de Bruit ( 8 heures)</li><li>Autonomie maximale sans Réduction de Bruit (10 heures)</li><li>Autonomie de lecture maximum (40 heures)</li><li>Contrôle tactile</li><li>Suppression active du bruit</li><li>Résistant à l'eau: OUI</li></ul><p><br></p>,true,672235e8d4dc8d92e6168b85,https://yalla.srv.tn/media/products/images/product-1732021291889.jpg,https://yalla.srv.tn/media/products/images/product-1732021282772.jpg,https://yalla.srv.tn/media/products/images/product-1732021282773.jpg,,,,In Stock,10,0,false,0,0,0,0,0,0,0,0,,,,,0,,,,,,,,,,,,,,,,,,,,,,,,,,,,,,,,,,,,,,false,false,349,199,270,34,,JBL,,,Online,,,,,,0,0,2024-11-19T13:02:08.482Z,2024-12-13T14:46:52.677Z,,,,,,,,,,,,,,,,,,,,,,,,,,,,,,,,,,,,,,,,,,
673c8ce40be89c22b3ae679d,Écouteurs Sans Fil Lenovo Thinkplus XG01 - Black,ecouteurs-sans-fil-lenovo-thinkplus-xg01---black,"<p><strong>Écouteurs Sans Fil Lenovo Thinkplus XG01 - Black</strong></p><ul><li>Version BT : BT 5.0</li><li>Distance de transmission&nbsp;: environ 10&nbsp;mètres (aucun obstacle)</li><li>Capacité du boîtier de charge&nbsp;: 3,7&nbsp;V 400&nbsp;mAh</li><li>Capacité de la batterie des écouteurs&nbsp;: 3,7&nbsp;V 40&nbsp;mAh</li><li>Temps de travail&nbsp;: 5 heures</li><li>Temps de charge du casque&nbsp;: 1,5 heures</li><li>Temps de charge de l'étui de charge&nbsp;: 2 heures</li></ul><p><br></p>",true,672235e8d4dc8d92e6168b85,https://yalla.srv.tn/media/products/images/product-1732021443457.jpg,https://yalla.srv.tn/media/products/images/product-1732021457934.jpg,https://yalla.srv.tn/media/products/images/product-1732021451021.jpg,,,,In Stock,0,0,false,0,0,0,0,0,0,0,0,,,,,0,,,,,,,,,,,,,,,,,,,,,,,,,,,,,,,,,,,,,,false,false,199,99,169,35,,Lenovo,,,Online,,,,,,0,0,2024-11-19T13:04:36.136Z,2024-11-19T13:41:21.704Z,,,,,,,,,,,,,,,,,,,,,,,,,,,,,,,,,,,,,,,,,,
673c8ddd0be89c22b3ae696f,Écouteurs Bluetooth JBL TUNE BEAM - Bleu,ecouteurs-bluetooth-jbl-tune-beam---bleu,<ul><li>Technologie de Connectivité: Bluetooth 5.3</li><li>Autonomie en conversation: 6.6 heures</li><li>Autonomie de batterie du boîtier de charge: 30 heures</li><li>Durée maximale de lecture de musique: 12heures</li><li>Durée de jeu maximale: 48heures&nbsp;</li><li>Temps de charge: 2 heures</li><li>Contrôle tactile</li><li>Suppression active du bruit</li><li>Résistant à l'eau: IP54</li></ul><p><br></p>,true,672235e8d4dc8d92e6168b85,https://yalla.srv.tn/media/products/images/product-1732021689962.jpg,https://yalla.srv.tn/media/products/images/product-1732021689966.jpg,https://yalla.srv.tn/media/products/images/product-1732021689964.jpg,,,,In Stock,10,0,false,0,0,0,0,0,0,0,0,,,,,0,Color,Charge,,Noir,Bleu,,12 heures,22 heures,,,673e16d40be89c22b3aeaf96,673e16d40be89c22b3aeaf97,,Noir,Bleu,,,,,false,true,,true,false,,false,false,,377,377,,10,11,,673e17600be89c22b3aeb2fa,673e17600be89c22b3aeb2fd,,false,false,399,299,377,36,,JBL,,,Online,,,,,,0,0,2024-11-19T13:08:45.697Z,2024-12-13T14:47:00.872Z,12 heures,22 heures,,,12 heures,22 heures,,,true,false,,,true,true,,,377,420,,,380,430,,,5,5,,,6,5,,,673e17600be89c22b3aeb2fb,673e17600be89c22b3aeb2fc,,,673e17600be89c22b3aeb2fe,673e17600be89c22b3aeb2ff,,,,
673c91130be89c22b3ae69cc,Smartwatch Colmi C81 Black,smartwatch-colmi-c81-black,"<ul><li><strong>Écran</strong>&nbsp;: HD 1,3 pouces, tactile</li><li><strong>Suivi de la santé</strong>&nbsp;: fréquence cardiaque, suivi du sommeil, calcul des calories</li><li><strong>Connectivité</strong>&nbsp;: Notifications pour les appels et messages</li><li><strong>Autonomie</strong>&nbsp;: Jusqu'à 7 jours en veille</li><li><strong>Compatibilité</strong>&nbsp;: Android et iOS</li><li><strong>Étanchéité</strong>&nbsp;: IP67 pour résister aux éclaboussures</li></ul><p><br></p>",true,672235e8d4dc8d92e6168b85,https://yalla.srv.tn/media/products/images/product-1732022492841.jpg,https://yalla.srv.tn/media/products/images/product-1732022492842.jpg,https://yalla.srv.tn/media/products/images/product-1732022499455.jpg,,,,In Stock,10,0,false,0,0,0,0,0,0,0,0,,,,,0,,,,,,,,,,,,,,,,,,,,,,,,,,,,,,,,,,,,,,false,false,299,179,239,37,,Colmi,,,Online,,,,,,0,0,2024-11-19T13:22:27.486Z,2024-11-19T13:40:18.435Z,,,,,,,,,,,,,,,,,,,,,,,,,,,,,,,,,,,,,,,,,,
673c91f10be89c22b3ae69ed,Smartwatch Colmi P71 Blue,smartwatch-colmi-p71-blue,"<ul><li><strong>Écran</strong>&nbsp;: HD 1,3 pouces, tactile</li><li><strong>Suivi de la santé</strong>&nbsp;: fréquence cardiaque, suivi du sommeil, calcul des calories</li><li><strong>Connectivité</strong>&nbsp;: Notifications pour les appels et messages</li><li><strong>Autonomie</strong>&nbsp;: Jusqu'à 7 jours en veille</li><li><strong>Compatibilité</strong>&nbsp;: Android et iOS</li><li><strong>Étanchéité</strong>&nbsp;: IP67 pour résister aux éclaboussures</li></ul><p><br></p>",true,672235e8d4dc8d92e6168b85,https://yalla.srv.tn/media/products/images/product-1732022749700.jpg,https://yalla.srv.tn/media/products/images/product-1732022749701.jpg,https://yalla.srv.tn/media/products/images/product-1732022760279.jpg,,,,In Stock,0,0,false,0,0,0,0,0,0,0,0,,,,,0,,,,,,,,,,,,,,,,,,,,,,,,,,,,,,,,,,,,,,false,false,239,139,189,38,,Colmi,,,Online,,,,,,0,0,2024-11-19T13:26:09.935Z,2024-11-19T13:41:22.535Z,,,,,,,,,,,,,,,,,,,,,,,,,,,,,,,,,,,,,,,,,,
673d0be30be89c22b3ae73e2,Smartwatch Mibro Lite 3 PRO Gray,smartwatch-mibro-lite-3-pro-gray,<ul><li>Écran Amoled : 1.3</li><li>Appel Bluetooth</li><li>Bluetooth V5.3</li><li>Etanche : 5ATM</li><li>150 modes sportifs&nbsp;</li><li>Batterie : 350mAh</li><li>Matériaux du corps : moulage par insertion en alliage de zinc + PA</li><li>Bracelet : Cuir + silicone</li></ul><p><br></p>,true,672235e8d4dc8d92e6168b85,https://yalla.srv.tn/media/products/images/product-1732053965747.jpg,https://yalla.srv.tn/media/products/images/product-1732053969241.jpg,,,,,In Stock,10,0,false,0,0,0,0,0,0,0,0,,,,,0,,,,,,,,,,,,,,,,,,,,,,,,,,,,,,,,,,,,,,false,false,349,249,299,39,,Mibro,,,Online,,,,,,0,0,2024-11-19T22:06:27.232Z,2024-11-19T22:22:39.017Z,,,,,,,,,,,,,,,,,,,,,,,,,,,,,,,,,,,,,,,,,,
673d0c2e0be89c22b3ae73fd,Montre Connectée GPS Enfants CALUS Yellow,montre-connectee-gps-enfants-calus-yellow,"<ul><li><strong>Couleur</strong>&nbsp;: Jaune vif</li><li><strong>Fonctionnalités</strong>&nbsp;:</li><li class=""ql-indent-1"">Localisation GPS en temps réel</li><li class=""ql-indent-1"">Communication bidirectionnelle (appels et messages vocaux)</li><li class=""ql-indent-1"">Définition de zones de sécurité (Geofencing)</li><li class=""ql-indent-1"">Bouton SOS pour alerte rapide</li><li><strong>Affichage</strong>&nbsp;: Écran tactile couleur</li><li><strong>Autonomie</strong>&nbsp;: Jusqu'à 3 jours en utilisation normale</li><li><strong>Matériau</strong>&nbsp;: Silicone hypoallergénique, résistant et confortable</li><li><strong>Étanchéité</strong>&nbsp;: Résistance aux éclaboussures (IPX4)</li></ul><p><br></p>",true,672235e8d4dc8d92e6168b85,https://yalla.srv.tn/media/products/images/product-1732054033057.jpg,https://yalla.srv.tn/media/products/images/product-1732054035538.jpg,,,,,In Stock,10,0,false,0,0,0,0,0,0,0,0,,,,,0,,,,,,,,,,,,,,,,,,,,,,,,,,,,,,,,,,,,,,false,false,99,29,79,40,,Calus,,,Online,,,,,,0,0,2024-11-19T22:07:42.318Z,2024-11-19T22:22:39.687Z,,,,,,,,,,,,,,,,,,,,,,,,,,,,,,,,,,,,,,,,,,
673d0ce00be89c22b3ae745e,Smartwatch KXD S8+ 45MM Blue,smartwatch-kxd-s8-45mm-blue,"<ul><li><strong>Écran</strong>&nbsp;: 1,8 pouces HD, écran tactile couleur</li><li><strong>Compatibilité</strong>&nbsp;: Android et iOS</li><li><strong>Suivi de santé</strong>&nbsp;: Moniteur de fréquence cardiaque, suivi du sommeil, mesure d’oxygène sanguin</li><li><strong>Modes sportifs</strong>&nbsp;: Plusieurs modes de suivi d'activité physique</li><li><strong>Connectivité</strong>&nbsp;: Bluetooth pour notifications d’appels, messages et applications</li><li><strong>Autonomie</strong>&nbsp;: Jusqu'à 7 jours d'utilisation sur une seule charge</li><li><strong>Étanchéité</strong>&nbsp;: Certification IP67 pour une résistance à l’eau et à la poussière</li><li><strong>Design</strong>&nbsp;: Boîtier fin, bracelet confortable et ajustable</li></ul><p><br></p>",true,672235e8d4dc8d92e6168b85,https://yalla.srv.tn/media/products/images/product-1732054228156.jpg,,,,,,In Stock,10,0,false,0,0,0,0,0,0,0,0,,,,,0,,,,,,,,,,,,,,,,,,,,,,,,,,,,,,,,,,,,,,false,false,129,49,99,41,,KXD,,,Online,,,,,,0,0,2024-11-19T22:10:40.842Z,2024-11-19T22:22:40.250Z,,,,,,,,,,,,,,,,,,,,,,,,,,,,,,,,,,,,,,,,,,
673d0d120be89c22b3ae7479,Smartwatch Infinix GT PRO -Black,smartwatch-infinix-gt-pro--black,"<p>1. 1,32"" haute résolution et affichage vif</p><p>2. Effacer les appels Bluetooth</p><p>3. Surveillance complète de la santé</p><p>4. IP68 étanche</p><p>5. 25+ modes sportifs</p><p>6. Plus de 100 cadrans de montre élégants</p><p>7. Longue durée de vie de la batterie</p>",true,672235e8d4dc8d92e6168b85,https://yalla.srv.tn/media/products/images/product-1732054270339.jpg,,,,,,In Stock,10,0,false,0,0,0,0,0,0,0,0,,,,,0,,,,,,,,,,,,,,,,,,,,,,,,,,,,,,,,,,,,,,false,false,139,49,99,42,,Infinix,,,Online,,,,,,0,0,2024-11-19T22:11:30.796Z,2024-11-19T22:22:40.860Z,,,,,,,,,,,,,,,,,,,,,,,,,,,,,,,,,,,,,,,,,,
673d0dbe0be89c22b3ae75cc,Trotinette Xiaomi Electric Scooter 3 - Black,trotinette-xiaomi-electric-scooter-3---black,"<p><strong>La trottinette Xiaomi Electric Scooter 3 est un modèle électrique pliable offrant une vitesse maximale d'environ 25 km/h et une autonomie d'environ 30 km. Elle est légère, équipée de freins efficaces, d'un éclairage, et peut être contrôlée via une application mobile. Idéale pour les déplacements urbains.</strong></p><ul><li>Puissance nominale du moteur:&nbsp;300 W&nbsp;</li><li>Phare avant de 2W d'une portée de 10 mètres</li><li>Réflecteurs frontaux, latéraux et arrières pour une meilleure visibilité&nbsp;</li><li>Pneus avant et arrière en caoutchouc gonflable&nbsp;de 8.5 pouces</li><li>Système de freinage Anti-Blocage E-ABS pour la roue avant et à double plaquette sur la roue arrière</li><li>Taille recommandée 120-200 cm</li><li>Charge maximale 100 Kg</li></ul><p><br></p>",true,673d0d4b0be89c22b3ae74ce,https://yalla.srv.tn/media/products/images/product-1732054439855.jpg,https://yalla.srv.tn/media/products/images/product-1732054439853.jpg,https://yalla.srv.tn/media/products/images/product-1732054439852.jpg,https://yalla.srv.tn/media/products/images/product-1732054439854.jpg,,,In Stock,10,0,false,0,0,0,0,0,0,0,0,,,,,0,,,,,,,,,,,,,,,,,,,,,,,,,,,,,,,,,,,,,,false,false,2599,1899,2399,43,,Xiaomi,,,Online,,,,,,0,0,2024-11-19T22:14:22.401Z,2024-11-19T22:22:45.106Z,,,,,,,,,,,,,,,,,,,,,,,,,,,,,,,,,,,,,,,,,,
673d0e040be89c22b3ae75e7,Oculus Meta Quest 2 128GB,oculus-meta-quest-2-128gb,"<h3>Jouez, Partagez, Créez et Faites du Sport avec le nouveau Casque de Réalité virtuelle Oculus Quest 2</h3><p>Casque autonome avec 256Gb de mémoire, pour tout faire sans avoir besoin d'un smartphone.</p><p>Doté d'un processeur graphique Ultra rapide et des graphismes de nouvelle génération.</p>",true,672235e8d4dc8d92e6168b85,https://yalla.srv.tn/media/products/images/product-1732054505231.jpg,https://yalla.srv.tn/media/products/images/product-1732054505233.jpg,,,,,In Stock,10,0,false,0,0,0,0,0,0,0,0,,,,,0,,,,,,,,,,,,,,,,,,,,,,,,,,,,,,,,,,,,,,false,false,2999,2199,2599,44,,Meta,,,Online,,,,,,0,0,2024-11-19T22:15:32.140Z,2024-12-13T14:47:25.143Z,,,,,,,,,,,,,,,,,,,,,,,,,,,,,,,,,,,,,,,,,,
673d0e660be89c22b3ae7602,Trottinette Forever Sport Use - Black,trottinette-forever-sport-use---black,<p>&nbsp;-&nbsp;<strong>Âge recommandé:</strong>&nbsp;+ 5 ans</p><p>–<strong>&nbsp;Poids</strong>&nbsp;d’utilisateur: 40 kg</p><p>–&nbsp;<strong>Matériel:</strong>&nbsp;Poignée de fer en aluminium</p><p>–&nbsp;<strong>Taille des roues</strong>&nbsp;100 mm</p><p>– Plaque de base</p><p>– Utilisation sportive</p><p>– Construit spécifiquement pour les plus jeunes</p><p>– Sa conception haut de gamme assure sa durabilité</p><p>–&nbsp;<strong>Couleur:</strong>&nbsp;Noir&nbsp;</p>,true,673d0d4b0be89c22b3ae74ce,https://yalla.srv.tn/media/products/images/product-1732054578380.jpg,https://yalla.srv.tn/media/products/images/product-1732054578380.jpg,,,,,In Stock,10,0,false,0,0,0,0,0,0,0,0,,,,,0,,,,,,,,,,,,,,,,,,,,,,,,,,,,,,,,,,,,,,false,false,319,199,269,45,,Forever sport use,,,Online,,,,,,0,0,2024-11-19T22:17:10.083Z,2024-11-19T22:22:46.705Z,,,,,,,,,,,,,,,,,,,,,,,,,,,,,,,,,,,,,,,,,,
673d0e9a0be89c22b3ae761d,Caméra de surveillance connectée bébé T'nB,camera-de-surveillance-connectee-bebe-tnb,"<p><span style=""color: rgb(102, 102, 102);"">Facile d’utilisation: connectez-la directement à votre réseau Wi-Fi. Gestion à distance: surveillez votre bébé à distance directement depuis votre smartphone ou votre tablette. Grâce aux détecteurs de mouvement et sonores, recevrez, par exemple, des alertes en temps réel lorsque votre bébé pleure. Vous pourrez également vérifier la température de la pièce et le taux d’humidité. Communiquez facilement à travers la caméra: grâce aux micros et haut-parleurs intégrés. Emplacement pour carte de stockage microSD, jusqu'à 128Go. Gestion de la caméra avec l'application T'nB Smart gratuite &amp; disponible sur iOS et Google Play.</span></p>",true,672235e8d4dc8d92e6168b85,https://yalla.srv.tn/media/products/images/product-1732054670385.jpg,https://yalla.srv.tn/media/products/images/product-1732054670386.jpg,,,,,In Stock,10,0,false,0,0,0,0,0,0,0,0,,,,,0,,,,,,,,,,,,,,,,,,,,,,,,,,,,,,,,,,,,,,false,false,199,129,169,46,,T'nB,,,Online,,,,,,0,0,2024-11-19T22:18:02.734Z,2024-11-20T13:27:55.711Z,,,,,,,,,,,,,,,,,,,,,,,,,,,,,,,,,,,,,,,,,,
673d0ed00be89c22b3ae763e,Smartwatch Ksix URBAN 3 - Blanc,smartwatch-ksix-urban-3---blanc,"<p>La smartwatch la plus&nbsp;complète revient plus forte que jamais. Avec son design&nbsp;raffiné&nbsp;et ses incroyables fonctionnalités de suivi de la santé et du sport, l'URBAN 3 offre une expérience utilisateur sans précédent.&nbsp;</p><p><br></p><p>- Water Resist IP67</p><p>- Alertes SMS et Appels</p><p>- Bracelet en silicone&nbsp;</p><p>- Applications de santé</p><p>- Applications de sport</p><p>- Moniteur de sommeil</p><p>- Fonction&nbsp;suivi de smartphone</p><p><br></p><p>Synchronisez avec l'application&nbsp;<strong>Smart-Time Pro</strong>, compatible iOS et Android</p>",true,672235e8d4dc8d92e6168b85,https://yalla.srv.tn/media/products/images/product-1732054716731.jpg,https://yalla.srv.tn/media/products/images/product-1732054716729.jpg,https://yalla.srv.tn/media/products/images/product-1732054716730.jpg,,,,In Stock,10,0,false,0,0,0,0,0,0,0,0,,,,,0,,,,,,,,,,,,,,,,,,,,,,,,,,,,,,,,,,,,,,false,false,259,169,209,47,,KSIX,,,Online,,,,,,0,0,2024-11-19T22:18:56.666Z,2024-12-13T14:47:18.463Z,,,,,,,,,,,,,,,,,,,,,,,,,,,,,,,,,,,,,,,,,,
673d0f200be89c22b3ae7659,TROTINETTE Xiaomi Electric Scooter 3Lite - Black,trotinette-xiaomi-electric-scooter-3lite---black,"<h2>Roulez avec style</h2><p>Le cadre plus fin offre le même haut niveau de performance, mais avec moins de contrainte de charge sur le châssis&nbsp;: la trottinette gagne en vitesse et en capacité de montée, ce qui permet des trajets rapides, stables et légers.</p><ul><li>Vitesse Max: 25Km/h</li><li>Puissance nominale: 300W</li><li>Capacité de montée en pente: 14%</li><li>3 Réglages de vitesses (Piéton, standard et Sport)</li><li>Autonomie: jusqu'à 20Km</li><li>Charge maximale: 100Kg</li><li>Temps de charge: environ 4h30</li><li>Poids: 13Kg</li></ul><p><br></p>",true,673d0d4b0be89c22b3ae74ce,https://yalla.srv.tn/media/products/images/product-1732054786886.jpg,https://yalla.srv.tn/media/products/images/product-1732054782518.jpg,https://yalla.srv.tn/media/products/images/product-1732054782520.jpg,,,,In Stock,10,0,false,0,0,0,0,0,0,0,0,,,,,0,,,,,,,,,,,,,,,,,,,,,,,,,,,,,,,,,,,,,,false,false,2499,1999,2229,48,,Xiaomi,,,Online,,,,,,0,0,2024-11-19T22:20:16.507Z,2024-11-19T22:22:48.028Z,,,,,,,,,,,,,,,,,,,,,,,,,,,,,,,,,,,,,,,,,,
673d0f8a0be89c22b3ae7674,TROTINETTE XIAOMI MI Electric Scooter Essential - Black,trotinette-xiaomi-mi-electric-scooter-essential---black,"<p>Le Mi Electric Scooter Essential est destiné aux personnes qui désirent la mobilité sans s'encombrer. Grâce à un alliage d'aluminium aérospatial à faible densité et à haute résistance, la trottinette ne pèse que 12 kg et est facile à transporter.</p><ul><li>Vitesse Max: 20Km/h</li><li>Puissance nominale: 250W</li><li>E-ABS + frein à disque</li><li>Capacité de montée en pente: 10%</li><li>3 Réglages de vitesses (Piéton, standard et Sport)</li><li>Autonomie: jusqu'à 20Km</li><li>Charge maximale: 100Kg</li><li>Temps de charge: environ 3h30</li></ul><p><br></p>",true,673d0d4b0be89c22b3ae74ce,https://yalla.srv.tn/media/products/images/product-1732054890225.jpg,https://yalla.srv.tn/media/products/images/product-1732054902262.jpg,https://yalla.srv.tn/media/products/images/product-1732054895762.jpg,,,,In Stock,10,0,false,0,0,0,0,0,0,0,0,,,,,0,,,,,,,,,,,,,,,,,,,,,,,,,,,,,,,,,,,,,,false,false,1999,1399,1738,49,,Xiaomi,,,Online,,,,,,0,0,2024-11-19T22:22:02.418Z,2024-11-19T22:22:48.725Z,,,,,,,,,,,,,,,,,,,,,,,,,,,,,,,,,,,,,,,,,,
6741bc9f5d9e29c22f0be1f6,"ASUS X1504VA I3-1315U 15,6HD 4G/256G PCIE G4 Win11 - Silver",asus-x1504va-i3-1315u-156hd-4g256g-pcie-g4-win11---silver,"<p><strong style=""color: rgb(102, 102, 102);"">Le ASUS X1504VA</strong><span style=""color: rgb(102, 102, 102);"">&nbsp;est un ordinateur portable élégant, performant et conçu pour les tâches quotidiennes. Équipé du&nbsp;</span><strong style=""color: rgb(102, 102, 102);"">processeur Intel Core i3 de 13e génération,</strong><span style=""color: rgb(102, 102, 102);"">&nbsp;il assure une fluidité dans la gestion des applications courantes.&nbsp;</span><strong style=""color: rgb(102, 102, 102);"">Son écran 15,6"" HD et ses 4 Go de RAM</strong><span style=""color: rgb(102, 102, 102);"">&nbsp;offrent un&nbsp;</span><strong style=""color: rgb(102, 102, 102);"">confort visuel</strong><span style=""color: rgb(102, 102, 102);"">&nbsp;et des performances adaptées pour le multitâche. De plus, avec un&nbsp;</span><strong style=""color: rgb(102, 102, 102);"">disque SSD PCIE de 256 Go,</strong><span style=""color: rgb(102, 102, 102);"">&nbsp;il assure un démarrage rapide et une&nbsp;</span><strong style=""color: rgb(102, 102, 102);"">grande capacité de stockage.</strong><span style=""color: rgb(102, 102, 102);"">&nbsp;</span><strong style=""color: rgb(102, 102, 102);"">Idéal pour les professionnels</strong><span style=""color: rgb(102, 102, 102);"">&nbsp;comme pour les étudiants, ce modèle allie&nbsp;</span><strong style=""color: rgb(102, 102, 102);"">esthétique et praticité.</strong></p>",true,6724c6a4d4dc8d92e616a0fc,https://yalla.srv.tn/media/products/images/product-1732361342810.jpg,https://yalla.srv.tn/media/products/images/product-1732361346296.jpg,https://yalla.srv.tn/media/products/images/product-1732361350836.jpg,,,,In Stock,10,0,false,0,0,0,0,0,0,0,0,,,,,0,,,,,,,,,,,,,,,,,,,,,,,,,,,,,,,,,,,,,,false,false,1299,999,1099,51,,ASUS,,6741bc3a5d9e29c22f0bdfeb,Online,,,,,,0,0,2024-11-23T11:29:35.493Z,2024-11-23T12:08:22.313Z,,,,,,,,,,,,,,,,,,,,,,,,,,,,,,,,,,,,,,,,,,
6741bd2d5d9e29c22f0be3a7,"ASUS X1502VA I7-13700H 15,6FHD DDR4 8G 512G - Silver",asus-x1502va-i7-13700h-156fhd-ddr4-8g-512g---silver,"<p><span style=""color: rgb(102, 102, 102);"">Le&nbsp;</span><strong style=""color: rgb(102, 102, 102);"">ASUS X1502VA</strong><span style=""color: rgb(102, 102, 102);"">&nbsp;combine&nbsp;</span><strong style=""color: rgb(102, 102, 102);"">puissance et élégance,</strong><span style=""color: rgb(102, 102, 102);"">&nbsp;conçu pour répondre aux&nbsp;</span><strong style=""color: rgb(102, 102, 102);"">besoins quotidiens de performance et de productivité.</strong><span style=""color: rgb(102, 102, 102);"">&nbsp;Équipé d’un&nbsp;</span><strong style=""color: rgb(102, 102, 102);"">processeur Intel Core i7-13700H</strong><span style=""color: rgb(102, 102, 102);"">&nbsp;et d'un&nbsp;</span><strong style=""color: rgb(102, 102, 102);"">écran Full HD de 15,6 pouces</strong><span style=""color: rgb(102, 102, 102);"">, il garantit une expérience visuelle et de traitement fluide. Son design&nbsp;</span><strong style=""color: rgb(102, 102, 102);"">Silver</strong><span style=""color: rgb(102, 102, 102);"">&nbsp;sobre et moderne lui donne un style distinctif, tandis que son&nbsp;</span><strong style=""color: rgb(102, 102, 102);"">stockage SSD de 512 Go</strong><span style=""color: rgb(102, 102, 102);"">&nbsp;et sa&nbsp;</span><strong style=""color: rgb(102, 102, 102);"">mémoire de 8 Go</strong><span style=""color: rgb(102, 102, 102);"">&nbsp;optimisent&nbsp;</span><strong style=""color: rgb(102, 102, 102);"">la rapidité et l'efficacité.</strong></p>",true,6724c6a4d4dc8d92e616a0fc,https://yalla.srv.tn/media/products/images/product-1732361491624.jpg,https://yalla.srv.tn/media/products/images/product-1732361495631.jpg,,,,,In Stock,0,0,false,0,0,0,0,0,0,0,0,,,,,0,,,,,,,,,,,,,,,,,,,,,,,,,,,,,,,,,,,,,,false,false,2299,1899,2099,52,,ASUS,,6741bc3a5d9e29c22f0bdfeb,Online,,,,,,0,0,2024-11-23T11:31:57.400Z,2024-11-23T12:08:29.244Z,,,,,,,,,,,,,,,,,,,,,,,,,,,,,,,,,,,,,,,,,,
6741bd8a5d9e29c22f0be42b,LAPTOP ASUS 15.6 I3-6006U DDR4 RAM 4G Disque Dur 500Gb / USB 3.1 - Silver,laptop-asus-156-i3-6006u-ddr4-ram-4g-disque-dur-500gb--usb-31---silver,"<ul><li>Ecran 15.6"" HD LED&nbsp;</li><li>Processeur Intel Core i3-6006U, 2 Ghz, 3 Mo de mémoire cache&nbsp;</li><li>Carte graphique Intel HD Graphics&nbsp;</li><li>Graveur DVD - Lecteur de cartes - Wifi - Bluetooth - USB 3.0 - HDMI - Webcam avec Micr</li><li>Mémoire 4 Go - Disque 500 Go&nbsp;</li><li>Couleur Silver</li></ul><p><br></p>",true,6724c6a4d4dc8d92e616a0fc,https://yalla.srv.tn/media/products/images/product-1732361579833.jpg,https://yalla.srv.tn/media/products/images/product-1732361593428.jpg,https://yalla.srv.tn/media/products/images/product-1732361584037.jpg,https://yalla.srv.tn/media/products/images/product-1732361588734.jpg,,,In Stock,0,0,false,0,0,0,0,0,0,0,0,,,,,0,,,,,,,,,,,,,,,,,,,,,,,,,,,,,,,,,,,,,,false,false,1299,899,999,53,,ASUS,,6741bc3a5d9e29c22f0bdfeb,Online,,,,,,0,0,2024-11-23T11:33:30.845Z,2024-11-23T12:08:23.077Z,,,,,,,,,,,,,,,,,,,,,,,,,,,,,,,,,,,,,,,,,,
6741be1b5d9e29c22f0be4af,"PC de Bureau + Ecran 21,5""DELL VOSTRO 3910 i3-12100 4Go DD 1To Freedos",pc-de-bureau--ecran-215dell-vostro-3910-i3-12100-4go-dd-1to-freedos,"<p><strong>PC de Bureau + Ecran 21,5""DELL VOSTRO 3910&nbsp;</strong></p><ul><li>Compact, mais puissant : désormais 16 % plus compact que la génération précédente</li><li>Connexions rapides : votre ordinateur de bureau s’adapte aux anciens écrans avec le port VGA. Vous pouvez aussi utiliser le port HDMI pour les nouveaux modèles d’écran.</li><li>Prêt à l’emploi : au total, huit ports USB situés à l’avant et à l’arrière du système qui offrent la connectivité dont vous avez besoin</li></ul><p><br></p>",true,6724c6a4d4dc8d92e616a0fc,https://yalla.srv.tn/media/products/images/product-1732361708153.jpg,https://yalla.srv.tn/media/products/images/product-1732361712483.jpg,https://yalla.srv.tn/media/products/images/product-1732361716523.jpg,https://yalla.srv.tn/media/products/images/product-1732361720426.jpg,,,In Stock,10,0,false,0,0,0,0,0,0,0,0,,,,,0,,,,,,,,,,,,,,,,,,,,,,,,,,,,,,,,,,,,,,false,false,1699,1399,1510,54,,ASUS,,6741bc3a5d9e29c22f0bdfeb,Online,,,,,,0,0,2024-11-23T11:35:55.734Z,2024-11-23T12:08:31.853Z,,,,,,,,,,,,,,,,,,,,,,,,,,,,,,,,,,,,,,,,,,
6741bf905d9e29c22f0be533,"PC de Bureau + Ecran 21,5""HP PRO 290 G9 I3 12ème Gén RAM 8GO DD 1TO",pc-de-bureau--ecran-215hp-pro-290-g9-i3-12eme-gen-ram-8go-dd-1to,"<p><strong>HP Pro Tower 290 G9 PC de bureau avec bundle, FreeDOS, Intel® Core™ i3, 8 Go de RAM, disque dur de 1 To.</strong></p><ul><li>Gérez facilement votre entreprise au quotidien grâce à un processeur Intel® puissant, une mémoire performante, des disques et des graphiques de qualité.</li><li>Haute performance, grande portabilité.</li><li>Get the exceptional combination of responsive performance, connectivity and speed with a 12th Gen Intel® Core™ processor that lets you launch, create, and connect fast and reliably.</li></ul><p><br></p>",true,6724c6a4d4dc8d92e616a0fc,https://yalla.srv.tn/media/products/images/product-1732362101441.jpg,https://yalla.srv.tn/media/products/images/product-1732362106103.jpg,,,,,In Stock,10,0,false,0,0,0,0,0,0,0,0,,,,,0,,,,,,,,,,,,,,,,,,,,,,,,,,,,,,,,,,,,,,false,false,1699,1399,1599,55,,ASUS,,6741bc3a5d9e29c22f0bdfeb,Online,,,,,,0,0,2024-11-23T11:42:08.140Z,2024-11-23T12:08:30.236Z,,,,,,,,,,,,,,,,,,,,,,,,,,,,,,,,,,,,,,,,,,
6741c5a95d9e29c22f0be5b7,Apple Mac mini Quad-core i5 1.4GHz/ 4GB / 500GB / HD 5000 Graphics,apple-mac-mini-quad-core-i5-14ghz-4gb--500gb--hd-5000-graphics,<p><br></p>,true,6724c6a4d4dc8d92e616a0fc,https://yalla.srv.tn/media/products/images/product-1732363652222.jpg,https://yalla.srv.tn/media/products/images/product-1732363663121.jpg,,,,,In Stock,10,0,false,0,0,0,0,0,0,0,0,,,,,0,,,,,,,,,,,,,,,,,,,,,,,,,,,,,,,,,,,,,,false,false,2299,1999,2099,56,,Apple,,6741bc3a5d9e29c22f0bdfeb,Online,,,,,,0,0,2024-11-23T12:08:09.348Z,2024-12-13T14:47:50.098Z,,,,,,,,,,,,,,,,,,,,,,,,,,,,,,,,,,,,,,,,,,
6741c64c5d9e29c22f0bea05,Mac Mini Intel-core i7 2.3GHz - 4GB DDR3 - 1To - Intel HD Graphics,mac-mini-intel-core-i7-23ghz---4gb-ddr3---1to---intel-hd-graphics,,true,6724c6a4d4dc8d92e616a0fc,https://yalla.srv.tn/media/products/images/product-1732363817142.jpg,https://yalla.srv.tn/media/products/images/product-1732363824442.jpg,https://yalla.srv.tn/media/products/images/product-1732363817141.jpg,,,,In Stock,10,0,false,0,0,0,0,0,0,0,0,,,,,0,,,,,,,,,,,,,,,,,,,,,,,,,,,,,,,,,,,,,,false,false,3499,2999,3239,57,,Apple,,6741bc3a5d9e29c22f0bdfeb,Online,,,,,,0,0,2024-11-23T12:10:52.287Z,2024-12-13T14:48:16.681Z,,,,,,,,,,,,,,,,,,,,,,,,,,,,,,,,,,,,,,,,,,
6741c7235d9e29c22f0bea89,Imprimante Canon PIXMA G3410 WIFI à Réservoir intégrés - Noir,imprimante-canon-pixma-g3410-wifi-a-reservoir-integres---noir,"<ul><li><strong>Type d'imprimante</strong>&nbsp;: Multifonction (Impression, numérisation, copie)</li><li><strong>Connectivité</strong>&nbsp;: Wi-Fi, USB</li><li><strong>Résolution d'impression</strong>&nbsp;: Jusqu'à 4800 x 1200 dpi</li><li><strong>Vitesse d'impression</strong>&nbsp;: Jusqu'à 8.8 ipm en noir, 5 ipm en couleur</li><li><strong>Capacité d'impression</strong>&nbsp;: Haute capacité de réservoirs d’encre intégrés</li><li><strong>Fonctionnalité mobile</strong>&nbsp;: Impression via Canon PRINT, AirPrint, Google Cloud Print</li><li><strong>Dimensions</strong>&nbsp;: 445 x 330 x 163 mm</li><li><strong>Poids</strong>&nbsp;: 5.8 kg</li><li><strong>Couleur</strong>&nbsp;: Noir</li></ul><p><br></p>",true,6724c701d4dc8d92e616a11e,https://yalla.srv.tn/media/products/images/product-1732364042692.jpg,https://yalla.srv.tn/media/products/images/product-1732364042691.jpg,https://yalla.srv.tn/media/products/images/product-1732364049401.jpg,,,,In Stock,10,0,false,0,0,0,0,0,0,0,0,,,,,0,,,,,,,,,,,,,,,,,,,,,,,,,,,,,,,,,,,,,,false,false,599,499,559,58,,Canon,,6741bc3a5d9e29c22f0bdfeb,Online,,,,,,0,0,2024-11-23T12:14:27.303Z,2024-11-23T12:32:02.841Z,,,,,,,,,,,,,,,,,,,,,,,,,,,,,,,,,,,,,,,,,,
6741c76e5d9e29c22f0beb0d,Imprimante HP 3en1 Smart Tank 581,imprimante-hp-3en1-smart-tank-581,"<p><strong>Imprimante HP 3en1 Smart Tank 581</strong></p><p>Découvrez l'Imprimante Tout-en-un HP Smart Tank 581, une solution professionnelle complète pour répondre à vos besoins d'impression. Avec son système de réservoirs d'encre rechargeables haute capacité, cette imprimante vous offre des impressions fiables et économiques. Bénéficiez de performances exceptionnelles grâce à sa connectivité sans fil et à sa fonction d'impression mobile.</p><p>L'écran tactile intuitif facilite la gestion des tâches d'impression, tandis que la qualité professionnelle des documents assure des résultats impeccables. L'Imprimante Tout-en-un HP Smart Tank 581 est l'alliée idéale pour une productivité accrue et une gestion efficace de vos besoins d'impression au sein de votre environnement professionnel.</p><p>QTÉ&nbsp;</p>",true,6724c701d4dc8d92e616a11e,https://yalla.srv.tn/media/products/images/product-1732364112647.jpg,https://yalla.srv.tn/media/products/images/product-1732364112644.jpg,https://yalla.srv.tn/media/products/images/product-1732364112645.jpg,,,,In Stock,10,0,false,0,0,0,0,0,0,0,0,,,,,0,,,,,,,,,,,,,,,,,,,,,,,,,,,,,,,,,,,,,,false,false,499,399,449,59,,HP,,6741bc3a5d9e29c22f0bdfeb,Online,,,,,,0,0,2024-11-23T12:15:42.979Z,2024-11-23T12:32:07.279Z,,,,,,,,,,,,,,,,,,,,,,,,,,,,,,,,,,,,,,,,,,
6741c7b55d9e29c22f0beb91,Imprimante tout-en-un HP Smart Tank 516 Couleur A4 - 3YW70A,imprimante-tout-en-un-hp-smart-tank-516-couleur-a4---3yw70a,"<p><span style=""color: rgb(155, 155, 155);"">Multifonction Jet d'encre&nbsp;</span><span style=""color: rgb(74, 74, 74);"">Smart Tank 516 Tout-en-un sans fil 3en1 Couleur</span><span style=""color: rgb(93, 93, 93);"">&nbsp;</span><span style=""color: rgb(155, 155, 155);"">- Fonctions:&nbsp;</span><strong style=""color: rgb(208, 18, 26);"">Impression,&nbsp;numérisation, copie</strong><span style=""color: rgb(208, 18, 26);"">&nbsp;</span><span style=""color: rgb(155, 155, 155);"">- Format Papier:&nbsp;</span><strong style=""color: rgb(0, 0, 0);"">A4</strong><span style=""color: rgb(0, 0, 0);"">&nbsp;</span><span style=""color: rgb(155, 155, 155);"">- Technolgie d'impression: jet d'encre - Vitesse d'impression A4 :</span><strong style=""color: rgb(208, 18, 26);"">11ppm N&amp;B-5ppm Couleur</strong><span style=""color: rgb(155, 155, 155);"">&nbsp;- Résolution d'impression: J</span><strong style=""color: rgb(155, 155, 155);"">usqu'à 1200 x 1200 ppp (Noir)&nbsp;</strong><span style=""color: rgb(155, 155, 155);"">- Connectivité:</span><strong style=""color: rgb(208, 18, 26);"">&nbsp;USB 2.0, WiFi</strong><span style=""color: rgb(208, 18, 26);"">,&nbsp;</span><strong style=""color: rgb(208, 18, 26);"">Bluetooth</strong><span style=""color: rgb(155, 155, 155);"">&nbsp;- Impression Via Mobile&nbsp;</span><strong style=""color: rgb(93, 93, 93);"">- Bac d’alimentation 100F - Taux d'utilisation(mensuel,A4):Jusqu'à 1000P - Mémoire 256Mo - Garantie: 1 an</strong></p>",true,6724c701d4dc8d92e616a11e,https://yalla.srv.tn/media/products/images/product-1732364195709.jpg,https://yalla.srv.tn/media/products/images/product-1732364195708.jpg,,,,,In Stock,10,0,false,0,0,0,0,0,0,0,0,,,,,0,,,,,,,,,,,,,,,,,,,,,,,,,,,,,,,,,,,,,,false,false,599,459,529,60,,HP,,6741bc3a5d9e29c22f0bdfeb,Online,,,,,,0,0,2024-11-23T12:16:53.824Z,2024-11-23T12:32:10.869Z,,,,,,,,,,,,,,,,,,,,,,,,,,,,,,,,,,,,,,,,,,
6741c8725d9e29c22f0bec15,"MacBook Air 13"" Apple M2 CPU 8C GPU 8C SSD 256Go - SP. GREY",macbook-air-13-apple-m2-cpu-8c-gpu-8c-ssd-256go---sp-grey,"<p><span style=""color: rgb(102, 102, 102);"">Le&nbsp;</span><strong style=""color: rgb(102, 102, 102);"">MacBook Air 13"" Apple M2</strong><span style=""color: rgb(102, 102, 102);"">&nbsp;offre une puissance impressionnante avec son&nbsp;</span><strong style=""color: rgb(102, 102, 102);"">processeur Apple M2</strong><span style=""color: rgb(102, 102, 102);"">&nbsp;à 8 cœurs, un&nbsp;</span><strong style=""color: rgb(102, 102, 102);"">GPU 8 cœurs</strong><span style=""color: rgb(102, 102, 102);"">&nbsp;et un&nbsp;</span><strong style=""color: rgb(102, 102, 102);"">SSD de 256 Go</strong><span style=""color: rgb(102, 102, 102);"">. Ultra-léger, avec un&nbsp;</span><strong style=""color: rgb(102, 102, 102);"">design en</strong><span style=""color: rgb(102, 102, 102);"">&nbsp;</span><strong style=""color: rgb(102, 102, 102);"">gris sidéral</strong><span style=""color: rgb(102, 102, 102);"">, il est l'outil parfait pour une expérience fluide et rapide, que ce soit pour&nbsp;</span><strong style=""color: rgb(102, 102, 102);"">le travail, l'étude ou les loisirs.</strong><span style=""color: rgb(102, 102, 102);"">&nbsp;Ce modèle est idéal pour ceux recherchant&nbsp;</span><strong style=""color: rgb(102, 102, 102);"">une performance fiable dans un format compact.</strong></p>",true,6724c6a4d4dc8d92e616a0fc,https://yalla.srv.tn/media/products/images/product-1732364382978.jpg,https://yalla.srv.tn/media/products/images/product-1732364372042.jpg,https://yalla.srv.tn/media/products/images/product-1732364374601.jpg,https://yalla.srv.tn/media/products/images/product-1732364378086.jpg,,,In Stock,10,0,false,0,0,0,0,0,0,0,0,,,,,0,,,,,,,,,,,,,,,,,,,,,,,,,,,,,,,,,,,,,,false,false,5499,4999,5299,61,,Apple,,6741bc3a5d9e29c22f0bdfeb,Online,,,,,,0,0,2024-11-23T12:20:02.614Z,2024-12-13T14:48:23.320Z,,,,,,,,,,,,,,,,,,,,,,,,,,,,,,,,,,,,,,,,,,
6741c9215d9e29c22f0bec99,MacBook Air 13 pouces Puce Apple M1 avec CPU 8 cœurs et GPU 7 cœurs 256 Go,macbook-air-13-pouces-puce-apple-m1-avec-cpu-8-curs-et-gpu-7-curs-256-go,"<p>Ecran&nbsp;<strong>Retina 13.3""</strong>&nbsp;LED&nbsp;</p><p>- Haute résolution de&nbsp;<strong>2560 x 1600 pixels</strong></p><p>- Processeur : CPU&nbsp;<strong>8 coeurs</strong>&nbsp;/ GPU&nbsp;<strong>7 coeurs</strong>&nbsp;/&nbsp;<strong>Neural Engine 16 coeurs</strong>&nbsp;</p><p>- Système d'exploitation :&nbsp;<strong>macOS Big Sur 11.0</strong>&nbsp;&nbsp;</p><p>-&nbsp;Mémoire RAM:&nbsp;<strong>8 Go</strong>&nbsp;</p><p>- Disque Dur:&nbsp;<strong>256 Go</strong>&nbsp;<strong>SSD</strong>&nbsp;</p><p>- Carte Graphique:&nbsp;&nbsp;<strong>Intel Iris Plus Graphics</strong>&nbsp;,&nbsp;&nbsp;<strong>Wi-Fi</strong>,&nbsp;<strong>Bluetooth</strong>, Thunderbolt 3,&nbsp;<strong>USB-C 3.1</strong>&nbsp;Gen2, DisplayPort,&nbsp;</p><p><strong>- Capteur Touch ID</strong>&nbsp;</p><p>- Caméra&nbsp;<strong>FaceTime HD</strong>&nbsp;<strong>720p</strong>&nbsp;</p>",true,6724c6a4d4dc8d92e616a0fc,https://yalla.srv.tn/media/products/images/product-1732364557807.jpg,https://yalla.srv.tn/media/products/images/product-1732364516464.jpg,https://yalla.srv.tn/media/products/images/product-1732364510724.jpg,https://yalla.srv.tn/media/products/images/product-1732364513783.jpg,https://yalla.srv.tn/media/products/images/product-1732364530801.jpg,https://yalla.srv.tn/media/products/images/product-1732364519399.jpg,In Stock,10,0,false,0,0,0,0,0,0,0,0,,,,,0,,,,,,,,,,,,,,,,,,,,,,,,,,,,,,,,,,,,,,false,false,4099,3499,3999,62,,Apple,,6741bc3a5d9e29c22f0bdfeb,Online,,,,,,0,0,2024-11-23T12:22:57.049Z,2024-12-13T14:55:19.366Z,,,,,,,,,,,,,,,,,,,,,,,,,,,,,,,,,,,,,,,,,,
6741c9755d9e29c22f0bed1d,"MacBook Pro 16"" Puce Apple M2 Pro 12core CPU 19core GPU 512GB SSD - SG",macbook-pro-16-puce-apple-m2-pro-12core-cpu-19core-gpu-512gb-ssd---sg,"<p>Le MacBook Pro 16 pouces avec puce M2 Pro ou M2 Max redéfinit puissance et vitesse. Nouveau Neural Engine 16 cœurs. Avec un sublime écran Liquid Retina XDR, tous les ports qu’il vous faut et une autonomie d’une journée, ce portable pro vous suit dans tous vos projets et tous vos déplacements.</p><p><br></p><p><br></p>",true,6724c6a4d4dc8d92e616a0fc,https://yalla.srv.tn/media/products/images/product-1732364630268.jpg,https://yalla.srv.tn/media/products/images/product-1732364633570.jpg,https://yalla.srv.tn/media/products/images/product-1732364636452.jpg,https://yalla.srv.tn/media/products/images/product-1732364640335.jpg,,,In Stock,10,0,false,0,0,0,0,0,0,0,0,,,,,0,,,,,,,,,,,,,,,,,,,,,,,,,,,,,,,,,,,,,,false,false,10999,10000,10799,63,,Apple,,6741bc3a5d9e29c22f0bdfeb,Online,,,,,,0,0,2024-11-23T12:24:21.923Z,2024-12-13T14:49:58.711Z,,,,,,,,,,,,,,,,,,,,,,,,,,,,,,,,,,,,,,,,,,
6741c9c05d9e29c22f0beda1,"MacBook Air 13"" Apple M2 CPU 8C GPU 8C SSD 256Go - Starlight",macbook-air-13-apple-m2-cpu-8c-gpu-8c-ssd-256go---starlight,"<p>- Écran Liquid Retina de 13,6 pouces avec True Tone</p><p>- Caméra FaceTime HD 1080p</p><p>- Stockage SSD</p><p>- Port de charge MagSafe 3</p><p>- Deux ports Thunderbolt/USB 4</p><p>- Adaptateur secteur compact à double port USB-C 35</p><p>- Magic Keyboard rétroéclairé avec Touch ID</p>",true,6724c6a4d4dc8d92e616a0fc,https://yalla.srv.tn/media/products/images/product-1732364708188.jpg,https://yalla.srv.tn/media/products/images/product-1732364704069.jpg,https://yalla.srv.tn/media/products/images/product-1732364711761.jpg,,,,In Stock,10,0,false,0,0,0,0,0,0,0,0,,,,,0,,,,,,,,,,,,,,,,,,,,,,,,,,,,,,,,,,,,,,false,false,4599,3999,4339,64,,Apple,,6741bc3a5d9e29c22f0bdfeb,Online,,,,,,0,0,2024-11-23T12:25:36.410Z,2024-12-13T14:48:36.896Z,,,,,,,,,,,,,,,,,,,,,,,,,,,,,,,,,,,,,,,,,,
6741ca025d9e29c22f0bee25,Apple Mac mini M1 chip 8-core CPU + 8-Core GPU 8Go SSD 512 Go - Silver,apple-mac-mini-m1-chip-8-core-cpu--8-core-gpu-8go-ssd-512-go---silver,<ul><li>Capacité totale de stockage 512 GB</li><li>Famille de processeur m</li><li>Mémoire interne 8 GB</li><li>Système d'exploitation installé macos big sur</li><li>Type de produit mini pc</li></ul><p><br></p>,true,6724c6a4d4dc8d92e616a0fc,https://yalla.srv.tn/media/products/images/product-1732364775312.jpg,https://yalla.srv.tn/media/products/images/product-1732364777701.jpg,https://yalla.srv.tn/media/products/images/product-1732364779945.jpg,,,,In Stock,10,0,false,0,0,0,0,0,0,0,0,,,,,0,,,,,,,,,,,,,,,,,,,,,,,,,,,,,,,,,,,,,,false,false,3800,3299,3599,65,,Apple,,6741bc3a5d9e29c22f0bdfeb,Online,,,,,,0,0,2024-11-23T12:26:42.645Z,2024-12-13T14:48:47.323Z,,,,,,,,,,,,,,,,,,,,,,,,,,,,,,,,,,,,,,,,,,
6741ca765d9e29c22f0beea9,"iMac 24"" Retina 4.5K puce Apple M1 8C CPU 7C GPU SSD 256Gb 8Gb - Bleu",imac-24-retina-45k-puce-apple-m1-8c-cpu-7c-gpu-ssd-256gb-8gb---bleu,"<p>- Nouveau Design, nouvelles fonctionnalités.</p><p>- Caméra FaceTime HD 1080p avec le processeur de signal d’image de la puce M1</p><p>- Inspiré du meilleur de l’univers Apple, transfiguré par la puce&nbsp;M1&nbsp;et une mémoire unifiée de&nbsp;8Go.</p><p>- Conçu pour se&nbsp;démarquer tout en étant parfaitement adapté à&nbsp;votre mode de&nbsp;vie.</p><p>- Apportez de la joie dans votre bureau grâce aux 7 Couleurs disponibles.</p>",true,6724c6a4d4dc8d92e616a0fc,https://yalla.srv.tn/media/products/images/product-1732364856708.jpg,https://yalla.srv.tn/media/products/images/product-1732364862943.jpg,,,,,In Stock,10,0,false,0,0,0,0,0,0,0,0,,,,,0,,,,,,,,,,,,,,,,,,,,,,,,,,,,,,,,,,,,,,false,false,5999,5359,5759,66,,Apple,,6741bc3a5d9e29c22f0bdfeb,Online,,,,,,0,0,2024-11-23T12:28:38.294Z,2024-12-13T14:48:28.856Z,,,,,,,,,,,,,,,,,,,,,,,,,,,,,,,,,,,,,,,,,,
6741cab25d9e29c22f0bef2d,"Apple iMac 24"" Retina 4.5K M1 8C CPU 8C GPU SSD256Gb 8Gb - Argent",apple-imac-24-retina-45k-m1-8c-cpu-8c-gpu-ssd256gb-8gb---argent,<p><br></p>,true,6724c6a4d4dc8d92e616a0fc,https://yalla.srv.tn/media/products/images/product-1732364965959.jpg,https://yalla.srv.tn/media/products/images/product-1732364961251.jpg,https://yalla.srv.tn/media/products/images/product-1732364963762.jpg,,,,In Stock,10,0,false,0,0,0,0,0,0,0,0,,,,,0,,,,,,,,,,,,,,,,,,,,,,,,,,,,,,,,,,,,,,false,false,5799,5999,6479,67,,Apple,,6741bc3a5d9e29c22f0bdfeb,Online,,,,,,0,0,2024-11-23T12:29:38.350Z,2024-12-13T14:48:42.508Z,,,,,,,,,,,,,,,,,,,,,,,,,,,,,,,,,,,,,,,,,,
6741cb3c5d9e29c22f0befb1,"MacBook Air 13"" Apple M2 CPU 8C GPU 8C SSD 256Go - Midnight",macbook-air-13-apple-m2-cpu-8c-gpu-8c-ssd-256go---midnight,"<p>- Performances de processeur jusqu’à 3,5&nbsp;fois plus élevées</p><p>- Processeur graphique jusqu’à 5&nbsp;fois plus rapide</p><p>- Vitesse d’apprentissage automatique jusqu’à 9&nbsp;fois supérieure grâce à&nbsp;notre Neural&nbsp;Engine le plus avancé</p><p>- Autonomie record sur MacBook&nbsp;Air</p><p>- Design silencieux, sans ventilateur</p><p>- Un véritable poids lourd de puissance, dans&nbsp;un&nbsp;format toujours aussi léger.</p>",true,6724c6a4d4dc8d92e616a0fc,https://yalla.srv.tn/media/products/images/product-1732365009059.jpg,https://yalla.srv.tn/media/products/images/product-1732364999330.jpg,https://yalla.srv.tn/media/products/images/product-1732365002826.jpg,,,,In Stock,10,0,false,0,0,0,0,0,0,0,0,,,,,0,,,,,,,,,,,,,,,,,,,,,,,,,,,,,,,,,,,,,,false,false,4499,3799,4339,68,,Apple,,6741bc3a5d9e29c22f0bdfeb,Online,,,,,,0,0,2024-11-23T12:31:56.045Z,2025-01-22T15:13:56.665Z,,,,,,,,,,,,,,,,,,,,,,,,,,,,,,,,,,,,,,,,,,
6742ec105d9e29c22f0c00f2,Apple Watch SE GPS Boîtier alu Starlight 44mm Bracelet Sport Stralight,apple-watch-se-gps-boitier-alu-starlight-44mm-bracelet-sport-stralight,"<p><strong style=""color: rgb(102, 102, 102);"">L'Apple Watch SE GPS avec boîtier en aluminium Starlight de 44 mm</strong><span style=""color: rgb(102, 102, 102);"">&nbsp;et un&nbsp;</span><strong style=""color: rgb(102, 102, 102);"">bracelet sport assorti</strong><span style=""color: rgb(102, 102, 102);"">&nbsp;offre une&nbsp;</span><strong style=""color: rgb(102, 102, 102);"">combinaison parfaite de style et de performance.</strong><span style=""color: rgb(102, 102, 102);"">&nbsp;Conçue pour les&nbsp;</span><strong style=""color: rgb(102, 102, 102);"">utilisateurs actifs,</strong><span style=""color: rgb(102, 102, 102);"">&nbsp;elle propose des&nbsp;</span><strong style=""color: rgb(102, 102, 102);"">fonctionnalités avancées telles que le suivi de la santé,</strong><span style=""color: rgb(102, 102, 102);"">&nbsp;des&nbsp;</span><strong style=""color: rgb(102, 102, 102);"">notifications en temps réel</strong><span style=""color: rgb(102, 102, 102);"">&nbsp;et une&nbsp;</span><strong style=""color: rgb(102, 102, 102);"">grande autonomie</strong><span style=""color: rgb(102, 102, 102);"">&nbsp;</span><strong style=""color: rgb(102, 102, 102);"">pour</strong><span style=""color: rgb(102, 102, 102);"">&nbsp;</span><strong style=""color: rgb(102, 102, 102);"">accompagner votre quotidien.</strong></p>",true,672235e8d4dc8d92e6168b85,https://yalla.srv.tn/media/products/images/product-1732439020975.jpg,https://yalla.srv.tn/media/products/images/product-1732439026205.jpg,,,,,In Stock,10,0,false,0,0,0,0,0,0,0,0,,,,,0,,,,,,,,,,,,,,,,,,,,,,,,,,,,,,,,,,,,,,false,false,1799,1599,1699,69,,Apple,,6741bc3a5d9e29c22f0bdfeb,Online,,,,,,0,0,2024-11-24T09:04:16.815Z,2024-12-13T14:49:17.553Z,,,,,,,,,,,,,,,,,,,,,,,,,,,,,,,,,,,,,,,,,,
6742ec7a5d9e29c22f0c014c,Cable de Charge Rapide Magnétique vers USB-C 1m Apple Watch,cable-de-charge-rapide-magnetique-vers-usb-c-1m-apple-watch,"<p>- Charge jusqu’à 33&nbsp;% plus rapide lorsqu’il est jumelé à une Apple&nbsp;Watch Series&nbsp;7</p><p>- Permet d’atteindre 80&nbsp;% de charge en à peu près 45&nbsp;minutes</p><p>- Un système totalement hermétique, protégé des contacts extérieurs</p><p>- Particulièrement intuitif puisqu’il ne nécessite aucun alignement précis.</p>",true,67223626d4dc8d92e6168ba7,https://yalla.srv.tn/media/products/images/product-1732439128792.jpg,https://yalla.srv.tn/media/products/images/product-1732439126659.jpg,,,,,In Stock,10,0,false,0,0,0,0,0,0,0,0,,,,,0,,,,,,,,,,,,,,,,,,,,,,,,,,,,,,,,,,,,,,false,false,299,199,249,70,,Apple,,6741bc3a5d9e29c22f0bdfeb,Online,,,,,,0,0,2024-11-24T09:06:02.503Z,2024-12-13T14:49:40.735Z,,,,,,,,,,,,,,,,,,,,,,,,,,,,,,,,,,,,,,,,,,
6742ecde5d9e29c22f0c01a6,Apple Watch S8 GPS 45mm Starlight Alum Case with Starlight Sport Band,apple-watch-s8-gps-45mm-starlight-alum-case-with-starlight-sport-band,"<p>-&nbsp;Ecran&nbsp;Retina&nbsp;toujours activé</p><p>- Présente un grand écran Always-On, qui est à la fois lisse et sans couture</p><p>- Boîtiers en aluminium</p><p>- La détection d'accidents est assistée par la technologie automatique de l'Apple Watch Series 8</p><p>- Équipée d'un capteur innovant qui mesure la température de votre poignet pendant que vous dormez</p>",true,672235e8d4dc8d92e6168b85,https://yalla.srv.tn/media/products/images/product-1732439234912.jpg,https://yalla.srv.tn/media/products/images/product-1732439237492.jpg,,,,,In Stock,10,0,false,0,0,0,0,0,0,0,0,,,,,0,,,,,,,,,,,,,,,,,,,,,,,,,,,,,,,,,,,,,,false,false,2799,2499,2699,71,,Apple,,6741bc3a5d9e29c22f0bdfeb,Online,,,,,,0,0,2024-11-24T09:07:42.181Z,2024-12-13T14:49:28.697Z,,,,,,,,,,,,,,,,,,,,,,,,,,,,,,,,,,,,,,,,,,
6742ed2a5d9e29c22f0c0200,Apple Watch SE GPS Boîtier alu Minuit 44mm Bracelet Sport Minuit,apple-watch-se-gps-boitier-alu-minuit-44mm-bracelet-sport-minuit,<p>- Extrêmement léger</p><p>- Boîtier en aluminium est constitué d’un alliage de qualité aérospatiale 100&nbsp;% recyclé</p><p>- Composé d’un fluoroélastomère de haute qualité à la fois résistant et étonnamment doux</p><p>- Doté d’un système innovant de fermeture à clou et passant</p><p>- Résistance à l’eau jusqu’à 50&nbsp;mètres</p>,true,672235e8d4dc8d92e6168b85,https://yalla.srv.tn/media/products/images/product-1732439315786.jpg,https://yalla.srv.tn/media/products/images/product-1732439318437.jpg,https://yalla.srv.tn/media/products/images/product-1732439321179.jpg,,,,In Stock,10,0,false,0,0,0,0,0,0,0,0,,,,,0,,,,,,,,,,,,,,,,,,,,,,,,,,,,,,,,,,,,,,false,false,1799,1599,1699,72,,Apple,,6741bc3a5d9e29c22f0bdfeb,Online,,,,,,0,0,2024-11-24T09:08:58.495Z,2024-12-13T14:50:08.213Z,,,,,,,,,,,,,,,,,,,,,,,,,,,,,,,,,,,,,,,,,,
6742edb85d9e29c22f0c02cc,Apple EarPods with USB-C Connector (A3046),apple-earpods-with-usb-c-connector-a3046,"<ul><li><strong>Connecteur</strong>&nbsp;: USB-C</li><li><strong>Compatibilité</strong>&nbsp;: Compatible avec tous les appareils dotés de ports USB-C</li><li><strong>Type d’écouteurs</strong>&nbsp;: Filaires, EarPods</li><li><strong>Design</strong>&nbsp;: Ergonomique, conçu pour s’adapter à la forme de l'oreille</li><li><strong>Contrôles</strong>&nbsp;: Télécommande intégrée pour ajuster le volume, contrôler la musique et les appels</li><li><strong>Microphone</strong>&nbsp;: Intégré pour des appels clairs</li><li><strong>Son</strong>&nbsp;: Basses profondes et équilibrées, médiums nets et aigus clairs</li><li><strong>Longueur du câble</strong>&nbsp;: 1,2 m</li><li><strong>Couleur</strong>&nbsp;: Blanc</li></ul><p><br></p>",true,672235d9d4dc8d92e6168b74,https://yalla.srv.tn/media/products/images/product-1732439421800.jpg,https://yalla.srv.tn/media/products/images/product-1732439424024.jpg,,,,,In Stock,10,0,false,0,0,0,0,0,0,0,0,,,,,0,,,,,,,,,,,,,,,,,,,,,,,,,,,,,,,,,,,,,,false,false,149,120,135,73,,Apple,,6741bc3a5d9e29c22f0bdfeb,Online,,,,,,0,0,2024-11-24T09:11:20.630Z,2024-12-13T14:50:20.883Z,,,,,,,,,,,,,,,,,,,,,,,,,,,,,,,,,,,,,,,,,,
6742ee1c5d9e29c22f0c0326,Apple EarPods avec Connecteur Lightning (A1748),apple-earpods-avec-connecteur-lightning-a1748,"<ul><li>Ecouteurs Apple EarPods avec connecteur Lightning</li><li>À la différence des écouteurs boutons circulaires traditionnels, le design des EarPods Lightning signés Apple épouse la géométrie de l'oreille. Ce qui les rend plus confortables que tout autre écouteur de ce type pour un plus grand nombre de personnes</li></ul><p><br></p>",true,672235d9d4dc8d92e6168b74,https://yalla.srv.tn/media/products/images/product-1732439550014.jpg,https://yalla.srv.tn/media/products/images/product-1732439553700.jpg,,,,,In Stock,10,0,false,0,0,0,0,0,0,0,0,,,,,0,,,,,,,,,,,,,,,,,,,,,,,,,,,,,,,,,,,,,,false,false,149,119,135,74,,Apple,,6741bc3a5d9e29c22f0bdfeb,Online,,,,,,0,0,2024-11-24T09:13:00.120Z,2024-12-13T14:50:39.932Z,,,,,,,,,,,,,,,,,,,,,,,,,,,,,,,,,,,,,,,,,,
6742ee805d9e29c22f0c03a2,AirPods APPLE (3rd generation) with Lightning Charging Case,airpods-apple-3rd-generation-with-lightning-charging-case,"<p><strong>AirPods APPLE (3rd generation) with Lightning Charging Case</strong></p><p>Les AirPods de dernière génération d'Apple représentent l'apogée de l'innovation audio sans fil. Avec leur conception élégante et discrète, ces écouteurs offrent une qualité audio exceptionnelle, une connectivité instantanée avec les appareils Apple et une autonomie prolongée grâce à leur étui de chargement Lightning. Dotés de fonctionnalités avancées telles que le contrôle tactile intuitif et la suppression active du bruit, les AirPods de 3e génération redéfinissent l'expérience d'écoute sans fil, offrant un son immersif et une praticité inégalée pour les utilisateurs d'appareils Apple.</p>",true,672235e8d4dc8d92e6168b85,https://yalla.srv.tn/media/products/images/product-1732439643774.jpg,https://yalla.srv.tn/media/products/images/product-1732439670981.jpg,https://yalla.srv.tn/media/products/images/product-1732439675431.jpg,,,,In Stock,10,0,false,0,0,0,0,0,0,0,0,,,,,0,,,,,,,,,,,,,,,,,,,,,,,,,,,,,,,,,,,,,,false,false,1099,899,999,75,,Apple,,6741bc3a5d9e29c22f0bdfeb,Online,,,,,,0,0,2024-11-24T09:14:40.127Z,2025-01-22T15:14:11.768Z,,,,,,,,,,,,,,,,,,,,,,,,,,,,,,,,,,,,,,,,,,
6742eee45d9e29c22f0c03fc,AirPods Pro (2nd generation),airpods-pro-2nd-generation,"<p><span style=""color: rgb(102, 102, 102);"">Les AirPods Pro offrent jusqu'à 2 fois plus de suppression active du bruit, le mode Transparence, et désormais l'audio adaptatif, qui ajuste automatiquement le contrôle du bruit pour vous offrir la meilleure expérience d'écoute dans différents environnements et interactions tout au long de la journée.</span></p>",true,672235e8d4dc8d92e6168b85,https://yalla.srv.tn/media/products/images/product-1732439739293.jpg,https://yalla.srv.tn/media/products/images/product-1732439739292.jpg,https://yalla.srv.tn/media/products/images/product-1732439746872.jpg,,,,In Stock,10,0,false,0,0,0,0,0,0,0,0,,,,,0,,,,,,,,,,,,,,,,,,,,,,,,,,,,,,,,,,,,,,false,false,1449,1239,1349,76,,Apple,,6741bc3a5d9e29c22f0bdfeb,Online,,,,,,0,0,2024-11-24T09:16:20.655Z,2025-01-22T15:14:04.106Z,,,,,,,,,,,,,,,,,,,,,,,,,,,,,,,,,,,,,,,,,,
67446af55d9e29c22f0c0e66,GARMIN FENIX 5S SAPPHIRE - GOLD LEATHER BRACELET GREY WITH WHITE BAND,garmin-fenix-5s-sapphire---gold-leather-bracelet-grey-with-white-band,"<p><strong>Profils d'activité préchargés pour tous vos sports et aventures</strong></p><p>-&nbsp;Détecte la fréquence cardiaque plus fréquemment tout en utilisant moins de votre batterie</p><p>- Réception satellite GPS/GLONASS</p><p>- Étanchéité à l'eau/étanche jusqu'à 100 mètres</p><p>- Lentille en cristal de saphir extrêmement résistante aux rayures</p><p>- Mettre les statistiques clés à portée de main avec le widget de performance qui montre les effets et la progression de vos entraînements</p><p>- Les fonctionnalités connectées incluent les notifications intelligentes, les téléchargements automatiques vers la communauté de fitness en ligne Garmin Connect et la personnalisation via des cadrans de montre gratuits et des applications de notre boutique Connect IQ.</p>",true,672235e8d4dc8d92e6168b85,https://yalla.srv.tn/media/products/images/product-1732537060878.jpg,https://yalla.srv.tn/media/products/images/product-1732537051326.jpg,https://yalla.srv.tn/media/products/images/product-1732537055400.jpg,https://yalla.srv.tn/media/products/images/product-1732537055401.jpg,,,In Stock,10,0,false,0,0,0,0,0,0,0,0,,,,,0,,,,,,,,,,,,,,,,,,,,,,,,,,,,,,,,,,,,,,false,false,2699,2299,2499,77,,Apple,,6741bc3a5d9e29c22f0bdfeb,Online,,,,,,0,0,2024-11-25T12:17:57.518Z,2024-12-13T14:49:49.969Z,,,,,,,,,,,,,,,,,,,,,,,,,,,,,,,,,,,,,,,,,,
67446bbb5d9e29c22f0c0ec0,ANDROID BOX WAKA 2Gb/16GB + 2 ANS IPTV,android-box-waka-2gb16gb--2-ans-iptv,"<p><strong>ANDROID BOX WAKA 2Gb/16GB + 2 ANS IPTV</strong></p><ul><li>Résolution UHD 4K&nbsp;</li><li>Processeur Allwinner H616 Quad Core, Cortex A53</li><li>Processeur Graphique Mali G31 MP2</li><li>RAM 2 Go</li><li>Mémoire&nbsp;16Go</li><li>Android TV 10</li><li>HDMI - USB - 1x Réseau RJ45 - Wifi</li><li>Abonnement IPTV&nbsp;24 MOIS</li></ul><p><br></p>",true,672380acd4dc8d92e6169960,https://yalla.srv.tn/media/products/images/product-1732537244385.jpg,,,,,,In Stock,10,0,false,0,0,0,0,0,0,0,0,,,,,0,,,,,,,,,,,,,,,,,,,,,,,,,,,,,,,,,,,,,,false,false,169,129,149,78,,Waka,,6741bc3a5d9e29c22f0bdfeb,Online,,,,,,0,0,2024-11-25T12:21:15.103Z,2024-12-13T14:46:35.158Z,,,,,,,,,,,,,,,,,,,,,,,,,,,,,,,,,,,,,,,,,,
67446c5d5d9e29c22f0c11fc,ANDROID BOX WAKA 4Gb/32GB + 2 ANS IPTV,android-box-waka-4gb32gb--2-ans-iptv,"<p><strong>ANDROID BOX WAKA 4Gb/32GB + 2 ANS IPTV</strong></p><ul><li>Résolution UHD 4K</li><li>Processeur Allwinner H616 Quad Core, Cortex A53</li><li>Processeur Graphique Mali G31 MP2</li><li>RAM 4 Go</li><li>Mémoire 32 Go</li><li>Android TV 10</li><li>HDMI - USB - 1x Réseau RJ45 - Wifi</li><li>2 ANS IPTV</li></ul><p><br></p>",true,672380acd4dc8d92e6169960,https://yalla.srv.tn/media/products/images/product-1732537421960.jpg,,,,,,In Stock,10,0,false,0,0,0,0,0,0,0,0,,,,,0,,,,,,,,,,,,,,,,,,,,,,,,,,,,,,,,,,,,,,false,false,199,149,179,79,,Waka,,6741bc3a5d9e29c22f0bdfeb,Online,,,,,,0,0,2024-11-25T12:23:57.771Z,2024-12-13T14:46:46.700Z,,,,,,,,,,,,,,,,,,,,,,,,,,,,,,,,,,,,,,,,,,
67446caf5d9e29c22f0c1256,ANDROID STICK MECOOL KD1 + 2 ANS IPTV,android-stick-mecool-kd1--2-ans-iptv,<p><strong>ANDROID STICK MECOOL KD1 + 2 ANS IPTV</strong></p><ul><li>Résolution UHD 4K</li><li>Processeur Amlogic S905Y2 Quad-core ARM Cortex-A53</li><li>Processeur Graphique ARM G31 MP2</li><li>RAM 2 Go</li><li>Mémoire 16 Go</li><li>Wifi - Bluetooth 4.2 -&nbsp;Android TV 10 - 1x HDMI 2.1</li><li>Chromecast intégré -&nbsp;Contrôle vocal&nbsp;(Google Assistant)</li></ul><p><br></p>,true,672380acd4dc8d92e6169960,https://yalla.srv.tn/media/products/images/product-1732537483926.jpg,,,,,,In Stock,10,0,false,0,0,0,0,0,0,0,0,,,,,0,,,,,,,,,,,,,,,,,,,,,,,,,,,,,,,,,,,,,,false,false,249,199,215,80,,MECOOL,,6741bc3a5d9e29c22f0bdfeb,Online,,,,,,0,0,2024-11-25T12:25:19.205Z,2024-11-25T12:28:20.339Z,,,,,,,,,,,,,,,,,,,,,,,,,,,,,,,,,,,,,,,,,,
67446d035d9e29c22f0c12b0,Abonnement IPTV Smart 12 mois,abonnement-iptv-smart-12-mois,<p><strong>Abonnement IPTV Smart 12 mois</strong></p><ul><li>+80000 chaines et VOD avec notre abonnement IPTV</li><li>Abonnement iptv est compatible avec toutes sortes d'appareils et d'applications</li><li>Qualité SD/HD/FullHD/4K&nbsp;</li><li>Valable 12 mois</li></ul><p><br></p>,true,672380acd4dc8d92e6169960,https://yalla.srv.tn/media/products/images/product-1732537543012.jpg,,,,,,In Stock,10,0,false,0,0,0,0,0,0,0,0,,,,,0,,,,,,,,,,,,,,,,,,,,,,,,,,,,,,,,,,,,,,false,false,69,29,49,81,,IPTV,,6741bc3a5d9e29c22f0bdfeb,Online,,,,,,0,0,2024-11-25T12:26:43.639Z,2025-01-14T11:20:05.337Z,,,,,,,,,,,,,,,,,,,,,,,,,,,,,,,,,,,,,,,,,,
675abf2b5d9e29c22f0c6e46,Test 22,test-22,,true,6722245cd4dc8d92e6168851,https://yalla.srv.tn/media/products/images/product-1734000410644.png,,,,,,In Stock,4,0,true,5,2,2,0,0,0,0,0,,,,,0,,,,,,,,,,,,,,,,,,,,,,,,,,,,,,,,,,,,,,false,false,30,10,20,82,,ASUS,,673f1d3827aa283cb2bce4fe,Online,,,,,,0,0,2024-12-12T10:47:07.538Z,2025-02-01T17:19:36.739Z,,,,,,,,,,,,,,,,,,,,,,,,,,,,,,,,,,,,,,,,,2024-12-12T22:50:00.000Z,2024-12-12T10:49:00.000Z
675c80751cda9b7bfd685be1,sumstest255555555555,,,true,673608600be89c22b3adead5,D:/Yalllla/upload/products/images/product-1734115432023.jpg,,,,,,In Stock,10,0,false,0,0,0,0,0,0,0,0,,,,,0,,,,,,,,,,,,,,,,,,,,,,,,,,,,,,,,,,,,,,false,false,1500,2000,2500,83,,,,673f1d3827aa283cb2bce4fe,Online,,,,,,0,0,2024-12-13T18:44:05.064Z,2024-12-14T15:29:07.109Z,,,,,,,,,,,,,,,,,,,,,,,,,,,,,,,,,,,,,,,,,,
67910d5cdc4d3a935afade1c,Chaise longue,chaise-longue-vesgannti,,true,677bc7994dc457b7d6a96b58,https://yalla.srv.tn/media/products/images/product-shopping-1737558906368.webp,,,,,,In Stock,10,0,false,0,0,0,0,0,0,0,0,,,,,0,,,,,,,,,,,,,,,,,,,,,,,,,,,,,,,,,,,,,,false,false,190,100,150,84,,Vesgantti,,673f1d3827aa283cb2bce4fe,Online,,,,,,0,0,2025-01-22T15:23:08.886Z,2025-01-22T15:23:25.310Z,,,,,,,,,,,,,,,,,,,,,,,,,,,,,,,,,,,,,,,,,,
6792502c43390f43389ca470,Test From Dash Seller,sdasd,,false,6679e4cb89bc28ce8ff6e8f2,,,,,,,In Stock,0,0,false,0,0,0,0,0,0,0,0,,,,,0,,,,,,,,,,,,,,,,,,,,,,,,,,,,,,,,,,,,,,false,false,23,0,0,85,,,,,Online,,,,,,0,0,2025-01-23T14:20:28.423Z,2025-01-23T14:20:28.423Z,,,,,,,,,,,,,,,,,,,,,,,,,,,,,,,,,,,,,,,,,,
