_id,name,slug,description,active,isSpecial,isFeatured,onHomepage,isSubCategory,imageUrl,coverImageUrl,icon,color,subCategories[0],subCategories[1],subCategories[2],subCategories[3],subCategories[4],subCategories[5],subCategories[6],subCategories[7],subCategories[8],subCategories[9],subCategories[10],subCategories[11],subCategories[12],subCategories[13],items[0],items[1],items[2],items[3],items[4],items[5],items[6],items[7],items[8],items[9],items[10],items[11],items[12],items[13],items[14],items[15],items[16],items[17],items[18],items[19],items[20],flashSaleDiscount,seo.url,seo.metaTitle,seo.metaDescription,displayOrder,createdAt,updatedAt,parentCategory
6721600dd4dc8d92e61686bf,Téléphones & Tablettes,telephones-tablettes,,true,false,false,false,false,https://yalla.srv.tn/media/categories/images/category-1731337227000.png,https://yalla.srv.tn/media/categories/covers/cover-Tech_gif_mobile-1736435216505.gif,https://yalla.srv.tn/media/categories/icons/icon-1731537106731.png,,6722336dd4dc8d92e6168a36,6722337dd4dc8d92e6168a44,67223477d4dc8d92e6168abe,67223398d4dc8d92e6168a52,673608600be89c22b3adead5,,,,,,,,,,672160e2d4dc8d92e61686e4,672eb42c5c04d7efe493121c,,,,,,,,,,,,,,,,,,,,0,,,,1,2024-10-29T22:22:05.243Z,2025-01-11T14:38:22.841Z,
6722245cd4dc8d92e6168851,Animalerie,animalerie,,true,false,false,false,false,https://yalla.srv.tn/media/categories/images/category-1730290861866.png,https://yalla.srv.tn/media/categories/covers/cover-1736003009011.png,https://yalla.srv.tn/media/categories/icons/icon-1731537826252.png,,672224d3d4dc8d92e616885e,672224e5d4dc8d92e616886a,6722257fd4dc8d92e616889c,672f677c5c04d7efe493483c,,,,,,,,,,,675abf2b5d9e29c22f0c6e46,,,,,,,,,,,,,,,,,,,,,0,,,,0,2024-10-30T12:19:40.698Z,2025-01-09T14:56:51.509Z,
672224d3d4dc8d92e616885e,Chiens,chiens,,true,false,false,false,true,https://yalla.srv.tn/media/categories/images/category-1731505590852.png,,,,672f5c875c04d7efe4932e47,672f5d5c5c04d7efe4932e85,672f5daf5c04d7efe4932ec3,672f5dbe5c04d7efe4932f01,672f5e0b5c04d7efe4932f7d,,,,,,,,,,,,,,,,,,,,,,,,,,,,,,,0,,,,0,2024-10-30T12:21:39.653Z,2024-11-15T14:31:29.510Z,6722245cd4dc8d92e6168851
672224e5d4dc8d92e616886a,Chats,chats,,true,false,false,false,true,https://yalla.srv.tn/media/categories/images/category-1731505601914.png,,,,672f647e5c04d7efe4933a8d,672f64925c04d7efe4933acb,672f64a35c04d7efe4933b09,672f64b85c04d7efe4933b47,672f64d35c04d7efe4933b85,672f64e15c04d7efe4933bc3,672f64f15c04d7efe4933c01,672f64fe5c04d7efe4933c3f,,,,,,,,,,,,,,,,,,,,,,,,,,,,0,,,,0,2024-10-30T12:21:57.325Z,2024-11-13T13:46:42.072Z,6722245cd4dc8d92e6168851
6722257fd4dc8d92e616889c,Poissons,poissons,,true,false,false,false,true,https://yalla.srv.tn/media/categories/images/category-1731505613995.png,,,,,,,,,,,,,,,,,,,,,,,,,,,,,,,,,,,,,,,0,,,,0,2024-10-30T12:24:31.944Z,2024-11-13T13:46:54.164Z,6722245cd4dc8d92e6168851
67222b55d4dc8d92e61688f3,Santé & beauté,sante-beaute,,true,false,true,false,false,https://yalla.srv.tn/media/categories/images/category-1731340468196.png,https://yalla.srv.tn/media/categories/covers/cover-zazae-1736436144069.gif,https://yalla.srv.tn/media/categories/icons/icon-1731701724374.png,,67237754d4dc8d92e61692da,6723793ed4dc8d92e616939d,67237a2ed4dc8d92e61694c7,67237d13d4dc8d92e616964d,67237d3cd4dc8d92e6169684,67237e53d4dc8d92e6169802,,,,,,,,,672fcad05c04d7efe4936403,,,,,,,,,,,,,,,,,,,,,0,,,,0,2024-10-30T12:49:25.065Z,2025-01-09T15:22:24.133Z,
67222b7fd4dc8d92e6168900,High-Tech,Hightech,,true,false,true,false,false,https://yalla.srv.tn/media/categories/images/category-1731510516533.png,https://yalla.srv.tn/media/categories/covers/cover-tech_converted2-1736434742774.gif,https://yalla.srv.tn/media/categories/icons/icon-1731537328360.png,,672396bfd4dc8d92e6169f45,6724c6a4d4dc8d92e616a0fc,6724c701d4dc8d92e616a11e,672380acd4dc8d92e6169960,,,,,,,,,,,,,,,,,,,,,,,,,,,,,,,,0,,,,0,2024-10-30T12:50:07.605Z,2025-01-09T14:59:02.839Z,
67222b87d4dc8d92e616890d,Mode,mode,,true,false,true,false,false,https://yalla.srv.tn/media/categories/images/category-1730294095613.png,https://yalla.srv.tn/media/categories/covers/cover-1736003774864.png,https://yalla.srv.tn/media/categories/icons/icon-1731538303210.png,,67237ed6d4dc8d92e616989c,67237ee3d4dc8d92e61698ad,67237ef8d4dc8d92e61698be,6723881dd4dc8d92e6169a6e,,,,,,,,,,,,,,,,,,,,,,,,,,,,,,,,0,,,,0,2024-10-30T12:50:15.205Z,2025-01-04T15:16:14.963Z,
67222bc4d4dc8d92e616891a,Epicerie,epicerie,,true,false,false,false,false,https://yalla.srv.tn/media/categories/images/category-1730731165074.png,https://yalla.srv.tn/media/categories/covers/cover-1736003138901.png,https://yalla.srv.tn/media/categories/icons/icon-1731701789048.png,,6724cabad4dc8d92e616a282,6724cb37d4dc8d92e616a293,6724cb6ad4dc8d92e616a2a4,6724cb94d4dc8d92e616a2c6,6724cc02d4dc8d92e616a316,6724cb82d4dc8d92e616a2b5,,,,,,,,,,,,,,,,,,,,,,,,,,,,,,0,,,,0,2024-10-30T12:51:16.004Z,2025-01-04T15:05:39.019Z,
67222c11d4dc8d92e6168927,Cuisine & Electroménager,Cuisine--Electroménager,,true,false,false,false,false,https://yalla.srv.tn/media/categories/images/category-1731337279454.png,https://yalla.srv.tn/media/categories/covers/cover-1736003072841.png,https://yalla.srv.tn/media/categories/icons/icon-1731701585270.png,,67223703d4dc8d92e6168c15,6722371fd4dc8d92e6168c26,67237612d4dc8d92e6169237,,,,,,,,,,,,,,,,,,,,,,,,,,,,,,,,,0,,,,1,2024-10-30T12:52:33.772Z,2025-01-04T15:04:32.956Z,
67222d96d4dc8d92e6168959,Auto & Moto,auto-moto,,true,false,false,false,false,https://yalla.srv.tn/media/categories/images/category-1731685582415.png,https://yalla.srv.tn/media/categories/covers/cover-1736003106290.png,https://yalla.srv.tn/media/categories/icons/icon-1731537865116.png,,6724c874d4dc8d92e616a218,6724c890d4dc8d92e616a229,6724c910d4dc8d92e616a246,673d0d4b0be89c22b3ae74ce,,,,,,,,,,,,,,,,,,,,,,,,,,,,,,,,0,,,,0,2024-10-30T12:59:02.199Z,2025-01-04T15:05:06.405Z,
6722336dd4dc8d92e6168a36,Samsung,telephone-mobiles,,true,false,false,false,true,https://yalla.srv.tn/media/categories/images/category-1731424335639.png,,,,,,,,,,,,,,,,,,672f6b7e5c04d7efe4934ca1,67360c9c0be89c22b3adf1ba,67360d220be89c22b3adf2e0,67360de10be89c22b3adf841,67360e1a0be89c22b3adf8d4,,,,,,,,,,,,,,,,,0,,,,0,2024-10-30T13:23:57.809Z,2024-11-14T14:50:02.554Z,6721600dd4dc8d92e61686bf
6722337dd4dc8d92e6168a44,Tablettes,tablettes,,true,false,false,false,true,https://yalla.srv.tn/media/categories/images/category-1731424346879.png,,,,,,,,,,,,,,,,,,,,,,,,,,,,,,,,,,,,,,,0,,,,0,2024-10-30T13:24:13.431Z,2024-11-12T15:12:26.992Z,6721600dd4dc8d92e61686bf
67223398d4dc8d92e6168a52,Accessoires,Accessoires-telephones-tablettes,,true,false,false,false,true,https://yalla.srv.tn/media/categories/images/category-1731424365436.png,,,,672235c6d4dc8d92e6168b63,672235e8d4dc8d92e6168b85,67223626d4dc8d92e6168ba7,6722360ed4dc8d92e6168b96,672235d9d4dc8d92e6168b74,,,,,,,,,,,,,,,,,,,,,,,,,,,,,,,0,,,,0,2024-10-30T13:24:40.122Z,2024-11-12T15:12:45.560Z,6721600dd4dc8d92e61686bf
67223477d4dc8d92e6168abe,IPhone,telephones-fixes-,,true,false,false,false,true,https://yalla.srv.tn/media/categories/images/category-1731424356337.png,,,,,,,,,,,,,,,,,,673dc2420be89c22b3ae8195,,,,,,,,,,,,,,,,,,,,,0,,,,0,2024-10-30T13:28:23.038Z,2024-11-20T11:04:34.532Z,6721600dd4dc8d92e61686bf
6722352bd4dc8d92e6168b20,Téléphones Basiques,telephones-basiques,,true,false,false,false,true,,,,,,,,,,,,,,,,,,,,,,,,,,,,,,,,,,,,,,,,0,,,,0,2024-10-30T13:31:23.731Z,2024-11-12T13:45:51.933Z,
672235c6d4dc8d92e6168b63,Etuis & Films de protections,etuis--films-de-protections,,true,false,false,false,true,https://yalla.srv.tn/media/categories/images/category-1731427786081.png,,,,,,,,,,,,,,,,,,,,,,,,,,,,,,,,,,,,,,,0,,,,0,2024-10-30T13:33:58.344Z,2024-11-12T16:09:46.196Z,67223398d4dc8d92e6168a52
672235d9d4dc8d92e6168b74,Ecouteurs,ecouteurs,,true,false,false,false,true,https://yalla.srv.tn/media/categories/images/category-1731427914899.png,,,,,,,,,,,,,,,,,,6742edb85d9e29c22f0c02cc,6742ee1c5d9e29c22f0c0326,,,,,,,,,,,,,,,,,,,,0,,,,0,2024-10-30T13:34:17.412Z,2024-11-24T09:13:00.290Z,67223398d4dc8d92e6168a52
672235e8d4dc8d92e6168b85,Accessoires Bluetooth,accessoires-bluetooth,,true,false,false,false,true,https://yalla.srv.tn/media/categories/images/category-1731427802378.png,,,,,,,,,,,,,,,,,,673c8b5a0be89c22b3ae673a,673c8bc60be89c22b3ae675b,673c8c500be89c22b3ae677c,673c8ce40be89c22b3ae679d,673c8ddd0be89c22b3ae696f,673c91130be89c22b3ae69cc,673c91f10be89c22b3ae69ed,673d0be30be89c22b3ae73e2,673d0c2e0be89c22b3ae73fd,673d0ce00be89c22b3ae745e,673d0d120be89c22b3ae7479,673d0e040be89c22b3ae75e7,673d0e9a0be89c22b3ae761d,673d0ed00be89c22b3ae763e,674090d85d9e29c22f0bb930,6742ec105d9e29c22f0c00f2,6742ecde5d9e29c22f0c01a6,6742ed2a5d9e29c22f0c0200,6742ee805d9e29c22f0c03a2,6742eee45d9e29c22f0c03fc,67446af55d9e29c22f0c0e66,0,,,,0,2024-10-30T13:34:32.297Z,2024-11-25T12:17:57.708Z,67223398d4dc8d92e6168a52
6722360ed4dc8d92e6168b96,Power Banks,power-banks,,true,false,false,false,true,https://yalla.srv.tn/media/categories/images/category-1731427903523.png,,,,,,,,,,,,,,,,,,,,,,,,,,,,,,,,,,,,,,,0,,,,0,2024-10-30T13:35:10.202Z,2024-11-12T16:11:43.626Z,67223398d4dc8d92e6168a52
67223626d4dc8d92e6168ba7,Chargeurs & Cables,chargeurs--cables,,true,false,false,false,true,https://yalla.srv.tn/media/categories/images/category-1731427894591.png,,,,,,,,,,,,,,,,,,6742ec7a5d9e29c22f0c014c,,,,,,,,,,,,,,,,,,,,,0,,,,0,2024-10-30T13:35:34.770Z,2024-11-24T09:06:02.672Z,67223398d4dc8d92e6168a52
67223703d4dc8d92e6168c15,Petits Electroménager,petits-electromenager,,true,false,false,false,true,https://yalla.srv.tn/media/categories/images/category-1731421050418.png,,,,6722381fd4dc8d92e6168c67,6722383ad4dc8d92e6168c85,6722387cd4dc8d92e6168ca3,672238ced4dc8d92e6168cc5,6722389bd4dc8d92e6168cb4,67223900d4dc8d92e6168cd6,,,,,,,,,,,,,,,,,,,,,,,,,,,,,,0,,,,0,2024-10-30T13:39:15.388Z,2024-11-13T16:14:23.135Z,67222c11d4dc8d92e6168927
6722371fd4dc8d92e6168c26,Gros Electroménager,gros-electromenager,,true,false,false,false,true,https://yalla.srv.tn/media/categories/images/category-1731421060889.png,,,,672239add4dc8d92e6168d6d,672239c9d4dc8d92e6168d7e,672239ebd4dc8d92e6168da0,672239dcd4dc8d92e6168d8f,67223a21d4dc8d92e6168dc2,67223a0dd4dc8d92e6168db1,,,,,,,,,,,,,,,,,,,,,,,,,,,,,,0,,,,0,2024-10-30T13:39:43.490Z,2024-11-12T14:17:40.987Z,67222c11d4dc8d92e6168927
6722381fd4dc8d92e6168c67,Mélangeurs,melangeurs,,true,false,false,false,true,https://yalla.srv.tn/media/categories/images/category-1731514846261.png,,,,,,,,,,,,,,,,,,,,,,,,,,,,,,,,,,,,,,,0,,,,0,2024-10-30T13:43:59.559Z,2024-11-13T16:20:46.430Z,67223703d4dc8d92e6168c15
6722383ad4dc8d92e6168c85,Friteuses & Air Fryers,friteuses--airfryers,,true,false,false,false,true,https://yalla.srv.tn/media/categories/images/category-1731514858493.png,,,,,,,,,,,,,,,,,,,,,,,,,,,,,,,,,,,,,,,0,,,,0,2024-10-30T13:44:26.519Z,2024-11-13T16:20:58.674Z,67223703d4dc8d92e6168c15
6722387cd4dc8d92e6168ca3,Micro-ondes & Fours électriques,micro-ondes--fours-electriques,,true,false,false,false,true,https://yalla.srv.tn/media/categories/images/category-1731514880338.png,,,,,,,,,,,,,,,,,,,,,,,,,,,,,,,,,,,,,,,0,,,,0,2024-10-30T13:45:32.355Z,2024-11-13T16:21:20.525Z,67223703d4dc8d92e6168c15
6722389bd4dc8d92e6168cb4,Robots pétrins & Batteurs,robots-petrins--batteurs,,true,false,false,false,true,https://yalla.srv.tn/media/categories/images/category-1731514923208.png,,,,,,,,,,,,,,,,,,,,,,,,,,,,,,,,,,,,,,,0,,,,0,2024-10-30T13:46:03.602Z,2024-11-13T16:22:03.371Z,67223703d4dc8d92e6168c15
672238ced4dc8d92e6168cc5,"Café,Thé & Expresso",cafethe--expresso,,true,false,false,false,true,https://yalla.srv.tn/media/categories/images/category-1731514906852.png,,,,,,,,,,,,,,,,,,,,,,,,,,,,,,,,,,,,,,,0,,,,0,2024-10-30T13:46:54.133Z,2024-11-13T16:21:47.051Z,67223703d4dc8d92e6168c15
67223900d4dc8d92e6168cd6,Machines à pain,machines-a-pain,,true,false,false,false,true,https://yalla.srv.tn/media/categories/images/category-1731514938409.png,,,,,,,,,,,,,,,,,,,,,,,,,,,,,,,,,,,,,,,0,,,,0,2024-10-30T13:47:44.033Z,2024-11-13T16:22:18.565Z,67223703d4dc8d92e6168c15
672239add4dc8d92e6168d6d,Réfrigérateurs,refrigerateurs,,true,false,false,false,true,https://yalla.srv.tn/media/categories/images/category-1731515514677.png,,,,,,,,,,,,,,,,,,,,,,,,,,,,,,,,,,,,,,,0,,,,0,2024-10-30T13:50:37.156Z,2024-11-13T16:31:54.864Z,6722371fd4dc8d92e6168c26
672239c9d4dc8d92e6168d7e,Plaques de Cuisson,plaques-de-cuisson,,true,false,false,false,true,https://yalla.srv.tn/media/categories/images/category-1731515530052.png,,,,,,,,,,,,,,,,,,,,,,,,,,,,,,,,,,,,,,,0,,,,0,2024-10-30T13:51:05.806Z,2024-11-13T16:32:10.243Z,6722371fd4dc8d92e6168c26
672239dcd4dc8d92e6168d8f,Fours encastrable,fours-encastrable,,true,false,false,false,true,https://yalla.srv.tn/media/categories/images/category-1731515555929.png,,,,,,,,,,,,,,,,,,,,,,,,,,,,,,,,,,,,,,,0,,,,0,2024-10-30T13:51:24.293Z,2024-11-13T16:32:36.123Z,6722371fd4dc8d92e6168c26
672239ebd4dc8d92e6168da0,Congélateurs,congelateurs,,true,false,false,false,true,https://yalla.srv.tn/media/categories/images/category-1731515541598.png,,,,,,,,,,,,,,,,,,,,,,,,,,,,,,,,,,,,,,,0,,,,0,2024-10-30T13:51:39.370Z,2024-11-13T16:32:21.772Z,6722371fd4dc8d92e6168c26
67223a0dd4dc8d92e6168db1,Lave-Linges & Sèche-Linges,lave-linges--seche-linges,,true,false,false,false,true,https://yalla.srv.tn/media/categories/images/category-1731515583540.png,,,,,,,,,,,,,,,,,,,,,,,,,,,,,,,,,,,,,,,0,,,,0,2024-10-30T13:52:13.754Z,2024-11-13T16:33:03.730Z,6722371fd4dc8d92e6168c26
67223a21d4dc8d92e6168dc2,Climatiseurs,climatiseurs,,true,false,false,false,true,https://yalla.srv.tn/media/categories/images/category-1731515567421.png,,,,,,,,,,,,,,,,,,,,,,,,,,,,,,,,,,,,,,,0,,,,0,2024-10-30T13:52:33.746Z,2024-11-13T16:32:47.944Z,6722371fd4dc8d92e6168c26
672374d4d4dc8d92e6169170,Cocotte-Minute,cocotte-minute,,true,false,false,false,true,https://yalla.srv.tn/media/categories/images/category-1731517005745.png,,,,,,,,,,,,,,,,,,,,,,,,,,,,,,,,,,,,,,,0,,,,0,2024-10-31T12:15:16.439Z,2024-11-13T16:56:45.923Z,67237612d4dc8d92e6169237
672374e9d4dc8d92e6169181,conservation des Aliments,conservation-des-aliments,,true,false,false,false,true,https://yalla.srv.tn/media/categories/images/category-1731517016584.png,,,,,,,,,,,,,,,,,,,,,,,,,,,,,,,,,,,,,,,0,,,,0,2024-10-31T12:15:37.681Z,2024-11-13T16:56:56.743Z,67237612d4dc8d92e6169237
6723752dd4dc8d92e6169192,Outils de mesure & balances,outils-de-mesure-et-balances,,true,false,false,false,true,https://yalla.srv.tn/media/categories/images/category-1731517494208.png,,,,,,,,,,,,,,,,,,,,,,,,,,,,,,,,,,,,,,,0,,,,0,2024-10-31T12:16:45.157Z,2024-11-13T17:04:54.374Z,67237612d4dc8d92e6169237
67237539d4dc8d92e61691a3,Gourdes,Gourdes,,true,false,false,false,true,https://yalla.srv.tn/media/categories/images/category-1731517502776.png,,,,,,,,,,,,,,,,,,,,,,,,,,,,,,,,,,,,,,,0,,,,0,2024-10-31T12:16:57.668Z,2024-11-13T17:05:02.936Z,67237612d4dc8d92e6169237
67237548d4dc8d92e61691b4,Poêles,poeles,,true,false,false,false,true,https://yalla.srv.tn/media/categories/images/category-1731517031029.png,,,,,,,,,,,,,,,,,,,,,,,,,,,,,,,,,,,,,,,0,,,,0,2024-10-31T12:17:12.995Z,2024-11-13T16:57:11.191Z,67237612d4dc8d92e6169237
67237570d4dc8d92e61691c5,Couverts vaisselles,couverts-vaisselles,,true,false,false,false,true,https://yalla.srv.tn/media/categories/images/category-1731517044075.png,,,,,,,,,,,,,,,,,,,,,,,,,,,,,,,,,,,,,,,0,,,,0,2024-10-31T12:17:52.306Z,2024-11-13T16:57:24.243Z,67237612d4dc8d92e6169237
6723757cd4dc8d92e61691d6,Casseroles,casseroles,,true,false,false,false,true,https://yalla.srv.tn/media/categories/images/category-1731517063019.png,,,,,,,,,,,,,,,,,,,,,,,,,,,,,,,,,,,,,,,0,,,,0,2024-10-31T12:18:04.059Z,2024-11-13T16:57:43.203Z,67237612d4dc8d92e6169237
672375b0d4dc8d92e61691f9,Moules à Gateau,moules-a-gateau,,true,false,false,false,true,https://yalla.srv.tn/media/categories/images/category-1731517083315.png,,,,,,,,,,,,,,,,,,,,,,,,,,,,,,,,,,,,,,,0,,,,0,2024-10-31T12:18:56.634Z,2024-11-13T16:58:03.490Z,67237612d4dc8d92e6169237
672375c8d4dc8d92e616920a,Couscoussier,couscoussier,,true,false,false,false,true,https://yalla.srv.tn/media/categories/images/category-1731517095945.png,,,,,,,,,,,,,,,,,,,,,,,,,,,,,,,,,,,,,,,0,,,,0,2024-10-31T12:19:20.396Z,2024-11-13T16:58:16.102Z,67237612d4dc8d92e6169237
67237612d4dc8d92e6169237,Ustensiles,Ustensiles,,true,false,false,false,true,https://yalla.srv.tn/media/categories/images/category-1731421176437.png,,,,672374d4d4dc8d92e6169170,672374e9d4dc8d92e6169181,67237539d4dc8d92e61691a3,6723752dd4dc8d92e6169192,67237548d4dc8d92e61691b4,67237570d4dc8d92e61691c5,6723757cd4dc8d92e61691d6,672375b0d4dc8d92e61691f9,672375c8d4dc8d92e616920a,,,,,,,,,,,,,,,,,,,,,,,,,,,0,,,,0,2024-10-31T12:20:34.292Z,2024-11-13T16:42:56.139Z,67222c11d4dc8d92e6168927
67237754d4dc8d92e61692da,Soins de la peau,soinspeau,,true,true,false,false,true,https://yalla.srv.tn/media/categories/images/category-1730733053888.png,https://yalla.srv.tn/media/categories/covers/cover-azeazeafd-1736523440356.gif,,,67237764d4dc8d92e61692eb,67237772d4dc8d92e61692fc,672378e9d4dc8d92e616936e,67237e1dd4dc8d92e6169798,,,,,,,,,,,,,,,,,,,,,,,,,,,,,,,,0,,,,0,2024-10-31T12:25:56.953Z,2025-01-10T15:37:20.430Z,67222b55d4dc8d92e61688f3
67237764d4dc8d92e61692eb,Soins Corps,soins-corps,,true,false,false,false,true,https://yalla.srv.tn/media/categories/images/category-1730815661662.png,,,,67314bc45c04d7efe49381a4,,,,,,,,,,,,,,,,,,,,,,,,,,,,,,,,,,,0,,,,0,2024-10-31T12:26:12.538Z,2024-11-11T00:11:58.721Z,67237754d4dc8d92e61692da
67237772d4dc8d92e61692fc,Soins visage,soins-visage,,true,false,false,false,true,https://yalla.srv.tn/media/categories/images/category-1731594217577.png,,,,,,,,,,,,,,,,,,,,,,,,,,,,,,,,,,,,,,,0,,,,0,2024-10-31T12:26:26.846Z,2024-11-14T14:23:37.679Z,67237754d4dc8d92e61692da
672378e9d4dc8d92e616936e,Protections Solaires et Bronzage,protections-solaires-et-bronzage,,true,false,false,false,true,https://yalla.srv.tn/media/categories/images/category-1731594228040.png,,,,,,,,,,,,,,,,,,,,,,,,,,,,,,,,,,,,,,,0,,,,0,2024-10-31T12:32:41.528Z,2024-11-14T14:23:48.150Z,67237754d4dc8d92e61692da
6723793ed4dc8d92e616939d,Soin Capillaires,Soins-Capillaires,,true,true,false,false,true,https://yalla.srv.tn/media/categories/images/category-1730733074696.png,https://yalla.srv.tn/media/categories/covers/cover-b1_mobile-1736523415464.png,,,6723795dd4dc8d92e61693bb,67237978d4dc8d92e61693cc,6723798ad4dc8d92e61693dd,67237998d4dc8d92e61693ee,672379afd4dc8d92e616940b,672379f5d4dc8d92e6169451,672379dbd4dc8d92e6169440,,,,,,,,672eb65c5c04d7efe49313bb,672eb7565c04d7efe493146e,672eb7fd5c04d7efe4931523,672eb8935c04d7efe4931715,,,,,,,,,,,,,,,,,,0,,,,0,2024-10-31T12:34:06.726Z,2025-01-10T15:36:55.576Z,67222b55d4dc8d92e61688f3
6723795dd4dc8d92e61693bb,Shampoing,shampoing,,true,false,false,false,true,https://yalla.srv.tn/media/categories/images/category-1731595490310.png,,,,,,,,,,,,,,,,,,,,,,,,,,,,,,,,,,,,,,,0,,,,0,2024-10-31T12:34:37.541Z,2024-11-14T14:44:50.413Z,6723793ed4dc8d92e616939d
67237978d4dc8d92e61693cc,Après Shampoing,apres-shampoing,,true,false,false,false,true,https://yalla.srv.tn/media/categories/images/category-1731595500779.png,,,,,,,,,,,,,,,,,,,,,,,,,,,,,,,,,,,,,,,0,,,,0,2024-10-31T12:35:04.838Z,2024-11-14T14:45:00.889Z,6723793ed4dc8d92e616939d
6723798ad4dc8d92e61693dd,Soins Capillaires,soins-capillaires,,true,false,false,false,true,https://yalla.srv.tn/media/categories/images/category-1731595677261.png,,,,,,,,,,,,,,,,,,,,,,,,,,,,,,,,,,,,,,,0,,,,0,2024-10-31T12:35:22.296Z,2024-11-14T14:47:57.372Z,6723793ed4dc8d92e616939d
67237998d4dc8d92e61693ee,Colorations Cheveux,colorations-cheveux,,true,false,false,false,true,https://yalla.srv.tn/media/categories/images/category-1731595691480.png,,,,,,,,,,,,,,,,,,,,,,,,,,,,,,,,,,,,,,,0,,,,0,2024-10-31T12:35:36.609Z,2024-11-14T14:48:11.581Z,6723793ed4dc8d92e616939d
672379afd4dc8d92e616940b,Brosses à Cheveux,brosses-a-cheveux,,true,false,false,false,true,https://yalla.srv.tn/media/categories/images/category-1731595712152.png,,,,,,,,,,,,,,,,,,,,,,,,,,,,,,,,,,,,,,,0,,,,0,2024-10-31T12:35:59.543Z,2024-11-14T14:48:32.258Z,6723793ed4dc8d92e616939d
672379dbd4dc8d92e6169440,Extensions & Perruques,extensions--perruques,,true,false,false,false,true,https://yalla.srv.tn/media/categories/images/category-1731595731032.png,,,,,,,,,,,,,,,,,,,,,,,,,,,,,,,,,,,,,,,0,,,,0,2024-10-31T12:36:43.685Z,2024-11-14T14:48:51.152Z,6723793ed4dc8d92e616939d
672379f5d4dc8d92e6169451,Sèche-Cheveux & Accessoires,seche-cheveux,,true,false,false,false,true,https://yalla.srv.tn/media/categories/images/category-1731595721077.png,,,,,,,,,,,,,,,,,,,,,,,,,,,,,,,,,,,,,,,0,,,,0,2024-10-31T12:37:09.672Z,2024-11-14T14:48:41.202Z,6723793ed4dc8d92e616939d
67237a2ed4dc8d92e61694c7,Maquillage,maquillage,,true,false,false,false,true,https://yalla.srv.tn/media/categories/images/category-1730733134566.png,https://yalla.srv.tn/media/categories/covers/cover-b7_mobile-1736522478916.png,,,67237c1cd4dc8d92e6169559,67237c3dd4dc8d92e6169572,67237c97d4dc8d92e6169594,67237c6cd4dc8d92e6169583,67237caad4dc8d92e61695a5,67237ce8d4dc8d92e61695d2,67237cf4d4dc8d92e61695e3,,,,,,,,,,,,,,,,,,,,,,,,,,,,,0,,,,0,2024-10-31T12:38:06.511Z,2025-01-10T15:21:19.037Z,67222b55d4dc8d92e61688f3
67237c1cd4dc8d92e6169559,Rouges à lèvres,rouges-a-levres-,,true,false,false,false,true,https://yalla.srv.tn/media/categories/images/category-1730384286999.png,,,,,,,,,,,,,,,,,,,,,,,,,,,,,,,,,,,,,,,0,,,,0,2024-10-31T12:46:20.251Z,2024-11-04T14:38:28.570Z,67237a2ed4dc8d92e61694c7
67237c3dd4dc8d92e6169572,Vernis à ongles,vernis-a-ongles-,,true,false,false,false,true,https://yalla.srv.tn/media/categories/images/category-1730384254628.png,,,,,,,,,,,,,,,,,,,,,,,,,,,,,,,,,,,,,,,0,,,,0,2024-10-31T12:46:53.806Z,2024-11-04T14:38:32.463Z,67237a2ed4dc8d92e61694c7
67237c6cd4dc8d92e6169583,Maquillage Yeux,maquillage-yeux,,true,false,false,false,true,https://yalla.srv.tn/media/categories/images/category-1731598130452.png,,,,,,,,,,,,,,,,,,,,,,,,,,,,,,,,,,,,,,,0,,,,0,2024-10-31T12:47:40.812Z,2024-11-14T15:28:50.557Z,67237a2ed4dc8d92e61694c7
67237c97d4dc8d92e6169594,Maquillage du teint,maquillage-du-teint,,true,false,false,false,true,https://yalla.srv.tn/media/categories/images/category-1731598116407.png,,,,,,,,,,,,,,,,,,,,,,,,,,,,,,,,,,,,,,,0,,,,0,2024-10-31T12:48:23.824Z,2024-11-14T15:28:36.519Z,67237a2ed4dc8d92e61694c7
67237caad4dc8d92e61695a5,Palettes,palettes,,true,false,false,false,true,https://yalla.srv.tn/media/categories/images/category-1730384401312.png,,,,,,,,,,,,,,,,,,,,,,,,,,,,,,,,,,,,,,,0,,,,0,2024-10-31T12:48:42.738Z,2024-10-31T14:20:01.378Z,67237a2ed4dc8d92e61694c7
67237ce8d4dc8d92e61695d2,Outils & accessoires Beauté,outils--accessoires-beaute,,true,false,false,false,true,https://yalla.srv.tn/media/categories/images/category-1730384375811.png,,,,,,,,,,,,,,,,,,,,,,,,,,,,,,,,,,,,,,,0,,,,0,2024-10-31T12:49:44.319Z,2024-10-31T14:19:35.876Z,67237a2ed4dc8d92e61694c7
67237cf4d4dc8d92e61695e3,Démaquillants,demaquillants,,true,false,false,false,true,https://yalla.srv.tn/media/categories/images/category-1731598295656.png,,,,,,,,,,,,,,,,,,,,,,,,,,,,,,,,,,,,,,,0,,,,0,2024-10-31T12:49:56.880Z,2024-11-14T15:31:35.756Z,67237a2ed4dc8d92e61694c7
67237d13d4dc8d92e616964d,Parfums,parfums,,true,true,false,false,true,https://yalla.srv.tn/media/categories/images/category-1730733101358.png,https://yalla.srv.tn/media/categories/covers/cover-b2_mobile-1736523354548.png,,,67237d22d4dc8d92e6169662,67237d2dd4dc8d92e6169673,6728f3ba5c04d7efe492dfc5,,,,,,,,,,,,672e6f023bca95d570ee6b14,672ed0515c04d7efe4932187,672ed0c75c04d7efe49322a5,672ed2335c04d7efe49323e7,,,,,,,,,,,,,,,,,,0,,,,0,2024-10-31T12:50:27.822Z,2025-01-10T15:35:54.646Z,67222b55d4dc8d92e61688f3
67237d22d4dc8d92e6169662,Parfums Homme,parfums-homme,,true,false,false,false,true,,,,,,,,,,,,,,,,,,,,,,,,,,,,,,,,,,,,,,,,0,,,,0,2024-10-31T12:50:42.294Z,2024-10-31T12:51:25.342Z,67237d13d4dc8d92e616964d
67237d2dd4dc8d92e6169673,Parfums Femme,parfums-femme,,true,false,false,false,true,,,,,,,,,,,,,,,,,,,,,,,,,,,,,,,,,,,,,,,,0,,,,0,2024-10-31T12:50:53.832Z,2024-10-31T12:51:27.187Z,67237d13d4dc8d92e616964d
67237d3cd4dc8d92e6169684,Rasage & Epilation,rasage--epilation,,true,true,false,false,true,https://yalla.srv.tn/media/categories/images/category-1730734151542.png,https://yalla.srv.tn/media/categories/covers/cover-men's-care_converted-1736523290168.png,,,67237d84d4dc8d92e61696d6,67237d8fd4dc8d92e61696e7,,,,,,,,,,,,,,,,,,,,,,,,,,,,,,,,,,0,,,,0,2024-10-31T12:51:08.485Z,2025-01-10T15:34:50.263Z,67222b55d4dc8d92e61688f3
67237d84d4dc8d92e61696d6,Outils Rasage Femmes,outils-rasage-femmes,,true,false,false,false,true,https://yalla.srv.tn/media/categories/images/category-1731598612596.png,,,,,,,,,,,,,,,,,,,,,,,,,,,,,,,,,,,,,,,0,,,,0,2024-10-31T12:52:20.605Z,2024-11-14T15:36:52.711Z,67237d3cd4dc8d92e6169684
67237d8fd4dc8d92e61696e7,Outils Rasage Hommes,outils-rasage-hommes,,true,false,false,false,true,https://yalla.srv.tn/media/categories/images/category-1731598626647.png,,,,,,,,,,,,,,,,,,,,,,,,,,,,,,,,,,,,,,,0,,,,0,2024-10-31T12:52:31.814Z,2024-11-14T15:37:06.761Z,67237d3cd4dc8d92e6169684
67237dbad4dc8d92e6169732,Parapharmacie & Soins,parapharmacie--soins,,true,false,false,false,true,,,,,67237df3d4dc8d92e6169776,67237e01d4dc8d92e6169787,,,,,,,,,,,,,,,,,,,,,,,,,,,,,,,,,,0,,,,0,2024-10-31T12:53:14.214Z,2024-11-15T11:43:27.104Z,
67237df3d4dc8d92e6169776,Vitamines & Supplements,vitamines--supplements,,true,false,false,false,true,,,,,,,,,,,,,,,,,,,,,,,,,,,,,,,,,,,,,,,,0,,,,0,2024-10-31T12:54:11.059Z,2024-10-31T12:55:18.312Z,67237dbad4dc8d92e6169732
67237e01d4dc8d92e6169787,Nutrition Sportive,nutrition-sportive,,true,false,false,false,true,,,,,,,,,,,,,,,,,,,,,,,,,,,,,,,,,,,,,,,,0,,,,0,2024-10-31T12:54:25.714Z,2024-10-31T12:55:19.900Z,67237dbad4dc8d92e6169732
67237e1dd4dc8d92e6169798,déodorants & Antitranspirant,deodorants--antitranspirant,,true,false,false,false,true,https://yalla.srv.tn/media/categories/images/category-1730815628305.png,,,,,,,,,,,,,,,,,,,,,,,,,,,,,,,,,,,,,,,0,,,,0,2024-10-31T12:54:53.714Z,2024-11-05T14:07:08.367Z,67237754d4dc8d92e61692da
67237e53d4dc8d92e6169802,Soins Bucco-dentaires,soins-bucco-dentaires,,true,false,false,false,true,https://yalla.srv.tn/media/categories/images/category-1730735567281.png,,,,67237e65d4dc8d92e6169813,67237e7cd4dc8d92e6169835,67237e71d4dc8d92e6169824,,,,,,,,,,,,,,,,,,,,,,,,,,,,,,,,,0,,,,0,2024-10-31T12:55:47.108Z,2024-11-14T20:49:50.237Z,67222b55d4dc8d92e61688f3
67237e65d4dc8d92e6169813,Dentifrice,dentifrice,,true,false,false,false,true,https://yalla.srv.tn/media/categories/images/category-1731597822713.png,,,,,,,,,,,,,,,,,,,,,,,,,,,,,,,,,,,,,,,0,,,,0,2024-10-31T12:56:05.592Z,2024-11-14T15:23:42.816Z,67237e53d4dc8d92e6169802
67237e71d4dc8d92e6169824,Brosse à Dents,brosse-a-dents,,true,false,false,false,true,https://yalla.srv.tn/media/categories/images/category-1731597853553.png,,,,,,,,,,,,,,,,,,,,,,,,,,,,,,,,,,,,,,,0,,,,0,2024-10-31T12:56:17.578Z,2024-11-14T15:24:13.656Z,67237e53d4dc8d92e6169802
67237e7cd4dc8d92e6169835,Bain de Bouche,bain-de-bouche,,true,false,false,false,true,https://yalla.srv.tn/media/categories/images/category-1731597845679.png,,,,,,,,,,,,,,,,,,,,,,,,,,,,,,,,,,,,,,,0,,,,0,2024-10-31T12:56:28.522Z,2024-11-14T15:24:05.804Z,67237e53d4dc8d92e6169802
67237e8fd4dc8d92e6169846,Blanchissement dentaire,blanchissement-dentaire,,true,false,false,false,true,,,,,,,,,,,,,,,,,,,,,,,,,,,,,,,,,,,,,,,,0,,,,0,2024-10-31T12:56:47.889Z,2024-11-14T20:49:50.396Z,
67237ed6d4dc8d92e616989c,Mode Homme,mode-homme,,true,true,false,false,true,https://yalla.srv.tn/media/categories/images/category-1730383674222.png,,,,6728f41a5c04d7efe492dffe,6728f42c5c04d7efe492e012,6728f4355c04d7efe492e026,6728f4475c04d7efe492e03a,6728f4705c04d7efe492e04e,6728f4885c04d7efe492e062,6728f4955c04d7efe492e076,,,,,,,,,,,,,,,,,,,,,,,,,,,,,0,,,,0,2024-10-31T12:57:58.044Z,2024-11-07T22:45:29.332Z,67222b87d4dc8d92e616890d
67237ee3d4dc8d92e61698ad,Mode Femme,mode-femme,,true,true,false,false,true,https://yalla.srv.tn/media/categories/images/category-1730383683993.png,,,,672e26a85c04d7efe492fdc4,672e26b95c04d7efe492fdd8,672e271d5c04d7efe492fe3c,672e26d75c04d7efe492fe00,672e26cb5c04d7efe492fdec,672e27025c04d7efe492fe28,672e26f25c04d7efe492fe14,672e27625c04d7efe492fe91,672e27335c04d7efe492fe50,672e27895c04d7efe492fea5,672e27425c04d7efe492fe7b,672e27a45c04d7efe492feb9,672e29885c04d7efe4930024,672e299d5c04d7efe493003a,672e62ca5c04d7efe4930b68,,,,,,,,,,,,,,,,,,,,,0,,,,0,2024-10-31T12:58:11.271Z,2024-11-08T19:13:14.212Z,67222b87d4dc8d92e616890d
67237ef8d4dc8d92e61698be,Mode Enfant,mode-enfant,,true,false,false,false,true,https://yalla.srv.tn/media/categories/images/category-1730383702834.png,,,,6734df020be89c22b3ad5dc9,6734df0d0be89c22b3ad5e43,,,,,,,,,,,,,,,,,,,,,,,,,,,,,,,,,,0,,,,0,2024-10-31T12:58:32.398Z,2024-11-13T17:18:29.669Z,67222b87d4dc8d92e616890d
67237fd6d4dc8d92e61698fa,Télévisions,televisions,,true,false,false,false,true,https://yalla.srv.tn/media/categories/images/category-1731509031017.png,,,,67237ff6d4dc8d92e616990b,67238000d4dc8d92e616991c,67238015d4dc8d92e616992d,67238035d4dc8d92e616993e,,,,,,,,,,,,,,,,,,,,,,,,,,,,,,,,0,,,,0,2024-10-31T13:02:14.682Z,2024-11-13T14:43:51.210Z,672380acd4dc8d92e6169960
67237ff6d4dc8d92e616990b,TV LED & LCD,tv-led--lcd,,true,false,false,false,true,https://yalla.srv.tn/media/categories/images/category-1731511405075.png,,,,,,,,,,,,,,,,,,,,,,,,,,,,,,,,,,,,,,,0,,,,0,2024-10-31T13:02:46.665Z,2024-11-13T15:23:25.255Z,67237fd6d4dc8d92e61698fa
67238000d4dc8d92e616991c,Smart TV,smart-tv,,true,false,false,false,true,https://yalla.srv.tn/media/categories/images/category-1731511414836.png,,,,,,,,,,,,,,,,,,,,,,,,,,,,,,,,,,,,,,,0,,,,0,2024-10-31T13:02:56.404Z,2024-11-13T15:23:34.989Z,67237fd6d4dc8d92e61698fa
67238015d4dc8d92e616992d,Supports TV,supports-tv-,,true,false,false,false,true,https://yalla.srv.tn/media/categories/images/category-1731511426975.png,,,,,,,,,,,,,,,,,,,,,,,,,,,,,,,,,,,,,,,0,,,,0,2024-10-31T13:03:17.048Z,2024-11-13T15:23:47.132Z,67237fd6d4dc8d92e61698fa
67238035d4dc8d92e616993e,Télécommandes & Accessoires,telecommandes--accessoires,,true,false,false,false,true,https://yalla.srv.tn/media/categories/images/category-1731511437483.png,,,,,,,,,,,,,,,,,,,,,,,,,,,,,,,,,,,,,,,0,,,,0,2024-10-31T13:03:49.241Z,2024-11-13T15:23:57.663Z,67237fd6d4dc8d92e61698fa
672380acd4dc8d92e6169960,TV & Audio,tv--audio,,true,false,false,false,true,https://yalla.srv.tn/media/categories/images/category-1731426220978.png,,https://yalla.srv.tn/media/categories/icons/icon-1730382163580.png,,67237fd6d4dc8d92e61698fa,67238767d4dc8d92e61699e1,,,,,,,,,,,,,67446bbb5d9e29c22f0c0ec0,67446c5d5d9e29c22f0c11fc,67446caf5d9e29c22f0c1256,67446d035d9e29c22f0c12b0,,,,,,,,,,,,,,,,,,0,,,,0,2024-10-31T13:05:48.809Z,2024-11-25T12:26:43.814Z,67222b7fd4dc8d92e6168900
67238767d4dc8d92e61699e1,Audio,audio,,true,false,false,false,true,https://yalla.srv.tn/media/categories/images/category-1731509048643.png,,,,67238778d4dc8d92e61699f2,67238791d4dc8d92e6169a03,672387a2d4dc8d92e6169a14,,,,,,,,,,,,,,,,,,,,,,,,,,,,,,,,,0,,,,0,2024-10-31T13:34:31.754Z,2024-11-13T14:44:08.816Z,672380acd4dc8d92e6169960
67238778d4dc8d92e61699f2,Haut Parleurs,haut-parleurs,,true,false,false,false,true,https://yalla.srv.tn/media/categories/images/category-1731514081972.png,,,,,,,,,,,,,,,,,,,,,,,,,,,,,,,,,,,,,,,0,,,,0,2024-10-31T13:34:48.759Z,2024-11-13T16:08:02.129Z,67238767d4dc8d92e61699e1
67238791d4dc8d92e6169a03,Home Cinéma & Enceintes,home-cinema--enceintes,,true,false,false,false,true,https://yalla.srv.tn/media/categories/images/category-1731514092009.png,,,,,,,,,,,,,,,,,,,,,,,,,,,,,,,,,,,,,,,0,,,,0,2024-10-31T13:35:13.341Z,2024-11-13T16:08:12.189Z,67238767d4dc8d92e61699e1
672387a2d4dc8d92e6169a14,Accessoires Audio,accessoires-audio,,true,false,false,false,true,https://yalla.srv.tn/media/categories/images/category-1731514104620.png,,,,,,,,,,,,,,,,,,,,,,,,,,,,,,,,,,,,,,,0,,,,0,2024-10-31T13:35:30.309Z,2024-11-13T16:08:24.799Z,67238767d4dc8d92e61699e1
6723881dd4dc8d92e6169a6e,Montres,montres,,true,false,false,false,true,https://yalla.srv.tn/media/categories/images/category-1730383782526.png,,,,67238830d4dc8d92e6169a83,6723883ad4dc8d92e6169a94,,,,,,,,,,,,,,,,,,,,,,,,,,,,,,,,,,0,,,,0,2024-10-31T13:37:33.989Z,2024-10-31T14:09:42.608Z,67222b87d4dc8d92e616890d
67238830d4dc8d92e6169a83,Montres Homme,montres-homme,,true,false,false,false,true,https://yalla.srv.tn/media/categories/images/category-1730383794276.png,,,,,,,,,,,,,,,,,,,,,,,,,,,,,,,,,,,,,,,0,,,,0,2024-10-31T13:37:52.603Z,2024-10-31T14:09:54.339Z,6723881dd4dc8d92e6169a6e
6723883ad4dc8d92e6169a94,Montres Femme,montres-femme,,true,false,false,false,true,https://yalla.srv.tn/media/categories/images/category-1730383817103.png,,,,,,,,,,,,,,,,,,,,,,,,,,,,,,,,,,,,,,,0,,,,0,2024-10-31T13:38:02.618Z,2024-10-31T14:10:17.167Z,6723881dd4dc8d92e6169a6e
672396bfd4dc8d92e6169f45,Gaming,gaming,,true,true,false,false,true,https://yalla.srv.tn/media/categories/images/category-1731420274489.png,,,,672396f7d4dc8d92e6169f65,67239737d4dc8d92e6169f76,67239757d4dc8d92e6169f87,,,,,,,,,,,,,,,,,,,,,,,,,,,,,,,,,0,,,,0,2024-10-31T14:39:59.261Z,2024-11-12T14:04:34.968Z,67222b7fd4dc8d92e6168900
672396f7d4dc8d92e6169f65,Consoles,consoles,,true,false,false,false,true,https://yalla.srv.tn/media/categories/images/category-1731508521434.png,,,,,,,,,,,,,,,,,,,,,,,,,,,,,,,,,,,,,,,0,,,,0,2024-10-31T14:40:55.061Z,2024-11-13T14:35:21.642Z,672396bfd4dc8d92e6169f45
67239737d4dc8d92e6169f76,Accessoires Gaming,accessoires-gaming,,true,false,false,false,true,https://yalla.srv.tn/media/categories/images/category-1731508532989.png,,,,,,,,,,,,,,,,,,,,,,,,,,,,,,,,,,,,,,,0,,,,0,2024-10-31T14:41:59.608Z,2024-11-13T14:35:33.142Z,672396bfd4dc8d92e6169f45
67239757d4dc8d92e6169f87,Jeux Consoles & Pc,jeux-consoles--pc,,true,false,false,false,true,https://yalla.srv.tn/media/categories/images/category-1731508779268.png,,,,,,,,,,,,,,,,,,,,,,,,,,,,,,,,,,,,,,,0,,,,0,2024-10-31T14:42:31.864Z,2024-11-13T14:39:39.446Z,672396bfd4dc8d92e6169f45
6724c6a4d4dc8d92e616a0fc,Ordinateurs,ordinateurs,,true,false,false,false,true,https://yalla.srv.tn/media/categories/images/category-1731426196518.png,,,,6724c6c2d4dc8d92e616a10d,,,,,,,,,,,,,,6741bc9f5d9e29c22f0be1f6,6741bd2d5d9e29c22f0be3a7,6741bd8a5d9e29c22f0be42b,6741be1b5d9e29c22f0be4af,6741bf905d9e29c22f0be533,6741c5a95d9e29c22f0be5b7,6741c64c5d9e29c22f0bea05,6741c8725d9e29c22f0bec15,6741c9215d9e29c22f0bec99,6741c9755d9e29c22f0bed1d,6741c9c05d9e29c22f0beda1,6741ca025d9e29c22f0bee25,6741ca765d9e29c22f0beea9,6741cab25d9e29c22f0bef2d,6741cb3c5d9e29c22f0befb1,,,,,,,0,,,,0,2024-11-01T12:16:36.227Z,2024-11-23T12:31:56.276Z,67222b7fd4dc8d92e6168900
6724c6c2d4dc8d92e616a10d,Accessoires Informatique,accessoires-informatique,,true,false,false,false,true,,,,,,,,,,,,,,,,,,,,,,,,,,,,,,,,,,,,,,,,0,,,,0,2024-11-01T12:17:06.814Z,2024-11-14T14:23:51.704Z,6724c6a4d4dc8d92e616a0fc
6724c701d4dc8d92e616a11e,Imprimantes,imprimantes-,,true,false,false,false,true,https://yalla.srv.tn/media/categories/images/category-1731426209413.png,,,,,,,,,,,,,,,,,,6741c7235d9e29c22f0bea89,6741c76e5d9e29c22f0beb0d,6741c7b55d9e29c22f0beb91,,,,,,,,,,,,,,,,,,,0,,,,0,2024-11-01T12:18:09.147Z,2024-11-23T12:16:54.052Z,67222b7fd4dc8d92e6168900
6724c874d4dc8d92e616a218,Accessoires Intérieurs Auto,accessoires-interieurs-auto,,true,false,false,false,true,https://yalla.srv.tn/media/categories/images/category-1731686116706.png,,,,,,,,,,,,,,,,,,,,,,,,,,,,,,,,,,,,,,,0,,,,0,2024-11-01T12:24:20.359Z,2024-11-15T15:55:16.808Z,67222d96d4dc8d92e6168959
6724c890d4dc8d92e616a229,Accessoires Exterieurs,accessoires-exterieurs,,true,false,false,false,true,https://yalla.srv.tn/media/categories/images/category-1731686140968.png,,,,,,,,,,,,,,,,,,,,,,,,,,,,,,,,,,,,,,,0,,,,0,2024-11-01T12:24:48.756Z,2024-11-15T15:55:41.080Z,67222d96d4dc8d92e6168959
6724c910d4dc8d92e616a246,Entretien Auto & Moto,entretien-auto--moto,,true,false,false,false,true,https://yalla.srv.tn/media/categories/images/category-1731686150469.png,,,,,,,,,,,,,,,,,,,,,,,,,,,,,,,,,,,,,,,0,,,,0,2024-11-01T12:26:56.528Z,2024-11-15T15:55:50.566Z,67222d96d4dc8d92e6168959
6724cabad4dc8d92e616a282,Les essentiels,les-essentiels,,true,false,false,false,true,,,,,,,,,,,,,,,,,,,,,,,,,,,,,,,,,,,,,,,,0,,,,0,2024-11-01T12:34:02.097Z,2024-11-01T12:37:50.168Z,67222bc4d4dc8d92e616891a
6724cb37d4dc8d92e616a293,Petit Déjeuner,petit-dejeuner,,true,false,false,false,true,,,,,,,,,,,,,,,,,,,,,,,,,,,,,,,,,,,,,,,,0,,,,0,2024-11-01T12:36:07.130Z,2024-11-01T12:37:53.832Z,67222bc4d4dc8d92e616891a
6724cb6ad4dc8d92e616a2a4,Conserves,conserves,,true,false,false,false,true,https://yalla.srv.tn/media/categories/images/category-1731686565052.png,,,,,,,,,,,,,,,,,,,,,,,,,,,,,,,,,,,,,,,0,,,,0,2024-11-01T12:36:58.812Z,2024-11-15T16:02:45.157Z,67222bc4d4dc8d92e616891a
6724cb82d4dc8d92e616a2b5,Lessive,lessive,,true,false,false,false,true,https://yalla.srv.tn/media/categories/images/category-1731686554519.png,,,,,,,,,,,,,,,,,,,,,,,,,,,,,,,,,,,,,,,0,,,,0,2024-11-01T12:37:22.589Z,2024-11-15T16:02:34.639Z,67222bc4d4dc8d92e616891a
6724cb94d4dc8d92e616a2c6,Nettoyage Domestique,nettoyage-domestique,,true,false,false,false,true,,,,,,,,,,,,,,,,,,,,,,,,,,,,,,,,,,,,,,,,0,,,,0,2024-11-01T12:37:40.141Z,2024-11-01T12:38:01.101Z,67222bc4d4dc8d92e616891a
6724cc02d4dc8d92e616a316,Soins Personnels,soins-personnels,,true,false,false,false,true,,,,,,,,,,,,,,,,,,,,,,,,,,,,,,,,,,,,,,,,0,,,,0,2024-11-01T12:39:30.640Z,2024-11-01T12:39:42.987Z,67222bc4d4dc8d92e616891a
6728f3ba5c04d7efe492dfc5,Parfums Enfants,parfums-enfants,,true,false,false,false,true,,,,,,,,,,,,,,,,,,,,,,,,,,,,,,,,,,,,,,,,0,,,,0,2024-11-04T16:18:02.669Z,2024-11-04T16:18:13.615Z,67237d13d4dc8d92e616964d
6728f41a5c04d7efe492dffe,T-shirts & Polos,t-shirts--polos,,true,false,false,false,true,https://yalla.srv.tn/media/categories/images/category-1730737384641.png,,,,,,,,,,,,,,,,,,,,,,,,,,,,,,,,,,,,,,,0,,,,0,2024-11-04T16:19:38.694Z,2024-11-04T16:23:04.706Z,67237ed6d4dc8d92e616989c
6728f42c5c04d7efe492e012,Pulls & Gilets,pulls--gilets,,true,false,false,false,true,https://yalla.srv.tn/media/categories/images/category-1730737394848.png,,,,,,,,,,,,,,,,,,,,,,,,,,,,,,,,,,,,,,,0,,,,0,2024-11-04T16:19:56.069Z,2024-11-04T16:23:14.917Z,67237ed6d4dc8d92e616989c
6728f4355c04d7efe492e026,Pantalons,pantalons,,true,false,false,false,true,https://yalla.srv.tn/media/categories/images/category-1730737413253.png,,,,,,,,,,,,,,,,,,,,,,,,,,,,,,,,,,,,,,,0,,,,0,2024-11-04T16:20:05.152Z,2024-11-04T16:23:33.324Z,67237ed6d4dc8d92e616989c
6728f4475c04d7efe492e03a,Lunettes,lunettes,,true,false,false,false,true,https://yalla.srv.tn/media/categories/images/category-1730737428504.png,,,,,,,,,,,,,,,,,,,,,,,,,,,,,,,,,,,,,,,0,,,,0,2024-11-04T16:20:23.252Z,2024-11-04T16:23:48.571Z,67237ed6d4dc8d92e616989c
6728f4705c04d7efe492e04e,Hoodies & Sweatshirts,hoodies--sweatshirts,,true,false,false,false,true,https://yalla.srv.tn/media/categories/images/category-1730737445758.png,,,,,,,,,,,,,,,,,,,,,,,,,,,,,,,,,,,,,,,0,,,,0,2024-11-04T16:21:04.621Z,2024-11-04T16:24:05.827Z,67237ed6d4dc8d92e616989c
6728f4885c04d7efe492e062,Vêtements de sports,vetements-de-sports,,true,false,false,false,true,https://yalla.srv.tn/media/categories/images/category-1730737461813.png,,,,,,,,,,,,,,,,,,,,,,,,,,,,,,,,,,,,,,,0,,,,0,2024-11-04T16:21:28.810Z,2024-11-04T16:24:21.882Z,67237ed6d4dc8d92e616989c
6728f4955c04d7efe492e076,Vestes,vestes,,true,false,false,false,true,https://yalla.srv.tn/media/categories/images/category-1730737474867.png,,,,,,,,,,,,,,,,,,,,,,,,,,,,,,,,,,,,,,,0,,,,0,2024-11-04T16:21:41.331Z,2024-11-04T16:24:34.930Z,67237ed6d4dc8d92e616989c
672e26a85c04d7efe492fdc4,Tops,tops,,true,false,false,false,true,https://yalla.srv.tn/media/categories/images/category-1731078133702.png,,,,,,,,,,,,,,,,,,,,,,,,,,,,,,,,,,,,,,,0,,,,0,2024-11-08T14:56:40.400Z,2024-11-08T15:02:13.799Z,67237ee3d4dc8d92e61698ad
672e26b95c04d7efe492fdd8,Vêtements de nuit,vetements-de-nuit,,true,false,false,false,true,https://yalla.srv.tn/media/categories/images/category-1731078149479.png,,,,,,,,,,,,,,,,,,,,,,,,,,,,,,,,,,,,,,,0,,,,0,2024-11-08T14:56:57.848Z,2024-11-08T15:02:29.554Z,67237ee3d4dc8d92e61698ad
672e26cb5c04d7efe492fdec,Vêtements de sport,vetements-de-sport,,true,false,false,false,true,https://yalla.srv.tn/media/categories/images/category-1731078193474.png,,,,,,,,,,,,,,,,,,,,,,,,,,,,,,,,,,,,,,,0,,,,0,2024-11-08T14:57:15.440Z,2024-11-08T15:03:13.540Z,67237ee3d4dc8d92e61698ad
672e26d75c04d7efe492fe00,Vestes femme,vestes-femme,,true,false,false,false,true,https://yalla.srv.tn/media/categories/images/category-1731078178543.png,,,,,,,,,,,,,,,,,,,,,,,,,,,,,,,,,,,,,,,0,,,,0,2024-11-08T14:57:27.656Z,2024-11-08T15:02:58.636Z,67237ee3d4dc8d92e61698ad
672e26f25c04d7efe492fe14,Pull & Gilets,pull--gilets,,true,false,false,false,true,https://yalla.srv.tn/media/categories/images/category-1731078226695.png,,,,,,,,,,,,,,,,,,,,,,,,,,,,,,,,,,,,,,,0,,,,0,2024-11-08T14:57:54.092Z,2024-11-08T15:03:46.762Z,67237ee3d4dc8d92e61698ad
672e27025c04d7efe492fe28,Talons,talons,,true,false,false,false,true,https://yalla.srv.tn/media/categories/images/category-1731078207826.png,,,,,,,,,,,,,,,,,,,,,,,,,,,,,,,,,,,,,,,0,,,,0,2024-11-08T14:58:10.675Z,2024-11-08T15:03:27.889Z,67237ee3d4dc8d92e61698ad
672e271d5c04d7efe492fe3c,Sous vêtements,sous-vetements-,,true,false,false,false,true,https://yalla.srv.tn/media/categories/images/category-1731078162377.png,,,,,,,,,,,,,,,,,,,,,,,,,,,,,,,,,,,,,,,0,,,,0,2024-11-08T14:58:37.699Z,2024-11-08T15:02:42.471Z,67237ee3d4dc8d92e61698ad
672e27335c04d7efe492fe50,Chaussures de sports,chaussures-de-sports,,true,false,false,false,true,https://yalla.srv.tn/media/categories/images/category-1731078450588.png,,,,,,,,,,,,,,,,,,,,,,,,,,,,,,,,,,,,,,,0,,,,0,2024-11-08T14:58:59.712Z,2024-11-08T15:07:30.656Z,67237ee3d4dc8d92e61698ad
672e27425c04d7efe492fe7b,Bottes,bottes,,true,false,false,false,true,https://yalla.srv.tn/media/categories/images/category-1731078481145.png,,,,,,,,,,,,,,,,,,,,,,,,,,,,,,,,,,,,,,,0,,,,0,2024-11-08T14:59:14.933Z,2024-11-08T15:08:01.210Z,67237ee3d4dc8d92e61698ad
672e27625c04d7efe492fe91,Hoodies & Sweatshirts femme,hoodies--sweatshirts-femme,,true,false,false,false,true,https://yalla.srv.tn/media/categories/images/category-1731078291987.png,,,,,,,,,,,,,,,,,,,,,,,,,,,,,,,,,,,,,,,0,,,,0,2024-11-08T14:59:46.727Z,2024-11-08T15:04:52.055Z,67237ee3d4dc8d92e61698ad
672e27895c04d7efe492fea5,Pantalons femmes,pantalons-femmes,,true,false,false,false,true,https://yalla.srv.tn/media/categories/images/category-1731078464621.png,,,,,,,,,,,,,,,,,,,,,,,,,,,,,,,,,,,,,,,0,,,,0,2024-11-08T15:00:25.641Z,2024-11-08T15:07:44.681Z,67237ee3d4dc8d92e61698ad
672e27a45c04d7efe492feb9,Sac à Mains,sac-a-mains,,true,false,false,false,true,https://yalla.srv.tn/media/categories/images/category-1731078495257.png,,,,,,,,,,,,,,,,,,,,,,,,,,,,,,,,,,,,,,,0,,,,0,2024-11-08T15:00:52.405Z,2024-11-08T15:08:15.324Z,67237ee3d4dc8d92e61698ad
672e29885c04d7efe4930024,Robes,robes,,true,false,false,false,true,https://yalla.srv.tn/media/categories/images/category-1731078611356.png,,,,,,,,,,,,,,,,,,,,,,,,,,,,,,,,,,,,,,,0,,,,0,2024-11-08T15:08:56.993Z,2024-11-08T15:10:11.421Z,67237ee3d4dc8d92e61698ad
672e299d5c04d7efe493003a,Lunettes femmes,lunettes-femmes,,true,false,false,false,true,https://yalla.srv.tn/media/categories/images/category-1731078622962.png,,,,,,,,,,,,,,,,,,,,,,,,,,,,,,,,,,,,,,,0,,,,0,2024-11-08T15:09:17.350Z,2024-11-08T15:10:23.030Z,67237ee3d4dc8d92e61698ad
672e2afa5c04d7efe49300a7,Chaussures de sport enfant,chaussures-de-sport-enfant,,true,false,false,false,true,https://yalla.srv.tn/media/categories/images/category-1731081172429.png,,,,,,,,,,,,,,,,,,,,,,,,,,,,,,,,,,,,,,,0,,,,0,2024-11-08T15:15:06.390Z,2024-11-13T17:19:42.565Z,6734df0d0be89c22b3ad5e43
672e2b0f5c04d7efe49300bd,Hoodies & Sweatshirts enfants,hoodies--sweatshirts-enfants,,true,false,false,false,true,https://yalla.srv.tn/media/categories/images/category-1731081184153.png,,,,,,,,,,,,,,,,,,,,,,,,,,,,,,,,,,,,,,,0,,,,0,2024-11-08T15:15:27.150Z,2024-11-13T17:19:39.545Z,6734df0d0be89c22b3ad5e43
672e2b2b5c04d7efe49300d1,Vestes enfants,vestes-enfants,,true,false,false,false,true,https://yalla.srv.tn/media/categories/images/category-1731081232367.png,,,,,,,,,,,,,,,,,,,,,,,,,,,,,,,,,,,,,,,0,,,,0,2024-11-08T15:15:55.306Z,2024-11-13T17:18:39.549Z,6734df0d0be89c22b3ad5e43
672e2b495c04d7efe49300e5,Bottes enfants,bottes-enfants,,true,false,false,false,true,https://yalla.srv.tn/media/categories/images/category-1731081203001.png,,,,,,,,,,,,,,,,,,,,,,,,,,,,,,,,,,,,,,,0,,,,0,2024-11-08T15:16:25.221Z,2024-11-13T17:18:41.832Z,6734df0d0be89c22b3ad5e43
672e2b5c5c04d7efe49300f9,Pantalon enfants,pantalon-enfants,,true,false,false,false,true,https://yalla.srv.tn/media/categories/images/category-1731081220011.png,,,,,,,,,,,,,,,,,,,,,,,,,,,,,,,,,,,,,,,0,,,,0,2024-11-08T15:16:44.061Z,2024-11-13T17:18:43.871Z,6734df0d0be89c22b3ad5e43
672e2b735c04d7efe493010f,Pull & Gilets enfants,pull--gilets-enfants,,true,false,false,false,true,https://yalla.srv.tn/media/categories/images/category-1731081248377.png,,,,,,,,,,,,,,,,,,,,,,,,,,,,,,,,,,,,,,,0,,,,0,2024-11-08T15:17:07.205Z,2024-11-13T17:18:46.164Z,6734df0d0be89c22b3ad5e43
672e2b7f5c04d7efe4930123,T-shirts,t-shirts,,true,false,false,false,true,https://yalla.srv.tn/media/categories/images/category-1731081261822.png,,,,,,,,,,,,,,,,,,,,,,,,,,,,,,,,,,,,,,,0,,,,0,2024-11-08T15:17:19.324Z,2024-11-13T17:18:48.346Z,6734df0d0be89c22b3ad5e43
672e2b9c5c04d7efe4930139,Vêtements de sport enfants,vetements-de-sport-enfants,,true,false,false,false,true,https://yalla.srv.tn/media/categories/images/category-1731081278508.png,,,,,,,,,,,,,,,,,,,,,,,,,,,,,,,,,,,,,,,0,,,,0,2024-11-08T15:17:48.318Z,2024-11-13T17:19:36.834Z,6734df0d0be89c22b3ad5e43
672e2bb55c04d7efe493014f,Robes enfants,Robes-Filles,,true,false,false,false,true,https://yalla.srv.tn/media/categories/images/category-1731081292884.png,,,,,,,,,,,,,,,,,,,,,,,,,,,,,,,,,,,,,,,0,,,,0,2024-11-08T15:18:13.327Z,2024-11-13T17:21:40.542Z,6734df020be89c22b3ad5dc9
672e2bca5c04d7efe4930163,Sac à dos,sac-a-dos,,true,false,false,false,true,https://yalla.srv.tn/media/categories/images/category-1731081360980.png,,,,,,,,,,,,,,,,,,,,,,,,,,,,,,,,,,,,,,,0,,,,0,2024-11-08T15:18:34.455Z,2024-11-13T17:19:22.630Z,6734df020be89c22b3ad5dc9
672e2bdc5c04d7efe4930177,Chaussures de sport,chaussures-de-sport,,true,false,false,false,true,https://yalla.srv.tn/media/categories/images/category-1731081394356.png,,,,,,,,,,,,,,,,,,673479710be89c22b3acbc30,,,,,,,,,,,,,,,,,,,,,0,,,,0,2024-11-08T15:18:52.212Z,2024-11-13T17:19:25.336Z,6734df020be89c22b3ad5dc9
672f5c875c04d7efe4932e47,Alimentation Chien,alimentation-chien,,true,false,false,false,true,https://yalla.srv.tn/media/categories/images/category-1731679525892.png,,,,672f60615c04d7efe493319a,672f608c5c04d7efe49331d8,672f609f5c04d7efe4933216,672f60b95c04d7efe4933254,672f60de5c04d7efe4933292,,,,,,,,,,6732a037e4f90586dc0cdc4f,,,,,,,,,,,,,,,,,,,,,0,,,,0,2024-11-09T12:58:47.770Z,2024-11-15T14:05:26.003Z,672224d3d4dc8d92e616885e
672f5d5c5c04d7efe4932e85,Toilettage et Hygiène chien,toilettage-et-hygiene-chien,,true,false,false,false,true,https://yalla.srv.tn/media/categories/images/category-1731679737576.png,,,,672f61525c04d7efe49332d5,672f627f5c04d7efe4933496,672f62955c04d7efe49334d4,672f62a85c04d7efe4933512,672f62b35c04d7efe4933550,,,,,,,,,,,,,,,,,,,,,,,,,,,,,,,0,,,,0,2024-11-09T13:02:20.229Z,2024-11-15T14:08:57.689Z,672224d3d4dc8d92e616885e
672f5daf5c04d7efe4932ec3,selleries,selleries,,true,false,false,false,true,https://yalla.srv.tn/media/categories/images/category-1731680050356.gif,,,,672f62e95c04d7efe49336ab,672f63035c04d7efe49336e9,672f630d5c04d7efe4933727,672f63255c04d7efe4933765,,,,,,,,,,,,,,,,,,,,,,,,,,,,,,,,0,,,,0,2024-11-09T13:03:43.130Z,2024-11-15T14:14:10.502Z,672224d3d4dc8d92e616885e
672f5dbe5c04d7efe4932f01,Transport,transport,,true,false,false,false,true,https://yalla.srv.tn/media/categories/images/category-1731681162853.png,,,,672f63675c04d7efe49338ba,672f63715c04d7efe49338f8,,,,,,,,,,,,,,,,,,,,,,,,,,,,,,,,,,0,,,,0,2024-11-09T13:03:58.432Z,2024-11-15T14:32:42.975Z,672224d3d4dc8d92e616885e
672f5dd35c04d7efe4932f3f,accesssoires,jeux--jouets-chien,,true,false,false,false,true,https://yalla.srv.tn/media/categories/images/category-1731419822830.png,,,,,,,,,,,,,,,,,,,,,,,,,,,,,,,,,,,,,,,0,,,,0,2024-11-09T13:04:19.258Z,2024-11-15T14:31:26.806Z,
672f5e0b5c04d7efe4932f7d,Collier & pipettes Anti Puce Chien,collier--pipettes-anti-puce-chien,,true,false,false,false,true,https://yalla.srv.tn/media/categories/images/category-1731681122751.png,,,,,,,,,,,,,,,,,,,,,,,,,,,,,,,,,,,,,,,0,,,,0,2024-11-09T13:05:15.678Z,2024-11-15T14:32:02.863Z,672224d3d4dc8d92e616885e
672f5e1d5c04d7efe4932fbb,Dressage,dressage,,true,false,false,false,true,,,,,,,,,,,,,,,,,,,,,,,,,,,,,,,,,,,,,,,,0,,,,0,2024-11-09T13:05:33.240Z,2024-11-15T14:31:29.642Z,
672f60615c04d7efe493319a,Croquettes Chien,croquettes-chien,,true,false,false,false,true,,,,,,,,,,,,,,,,,,,67329e75e4f90586dc0cd8be,67329ed7e4f90586dc0cdab9,67329f5ee4f90586dc0cdafb,,,,,,,,,,,,,,,,,,,0,,,,0,2024-11-09T13:15:13.916Z,2024-11-12T00:20:46.222Z,672f5c875c04d7efe4932e47
672f608c5c04d7efe49331d8,Pâtée pour chien,patee-pour-chien,,true,false,false,false,true,,,,,,,,,,,,,,,,,,,,,,,,,,,,,,,,,,,,,,,,0,,,,0,2024-11-09T13:15:56.186Z,2024-11-09T13:20:24.326Z,672f5c875c04d7efe4932e47
672f609f5c04d7efe4933216,Friandises Chien,friandises-chien,,true,false,false,false,true,,,,,,,,,,,,,,,,,,,,,,,,,,,,,,,,,,,,,,,,0,,,,0,2024-11-09T13:16:15.164Z,2024-11-09T13:20:33.485Z,672f5c875c04d7efe4932e47
672f60b95c04d7efe4933254,Compléments Alimentaires,complements-alimentaires,,true,false,false,false,true,,,,,,,,,,,,,,,,,,,,,,,,,,,,,,,,,,,,,,,,0,,,,0,2024-11-09T13:16:41.138Z,2024-11-09T13:20:35.532Z,672f5c875c04d7efe4932e47
672f60de5c04d7efe4933292,Gamelles et Distributeurs,Gamelles-Distributeurs,,true,false,false,false,true,,,,,,,,,,,,,,,,,,,,,,,,,,,,,,,,,,,,,,,,0,,,,0,2024-11-09T13:17:18.583Z,2024-11-09T13:32:28.106Z,672f5c875c04d7efe4932e47
672f61525c04d7efe49332d5,Hygiène Dentaire,hygiene-dentaire,,true,false,false,false,true,,,,,,,,,,,,,,,,,,,,,,,,,,,,,,,,,,,,,,,,0,,,,0,2024-11-09T13:19:14.811Z,2024-11-09T13:23:28.454Z,672f5d5c5c04d7efe4932e85
672f627f5c04d7efe4933496,Shampoing Chien,shampoing-chien,,true,false,false,false,true,,,,,,,,,,,,,,,,,,,,,,,,,,,,,,,,,,,,,,,,0,,,,0,2024-11-09T13:24:15.787Z,2024-11-09T13:25:23.171Z,672f5d5c5c04d7efe4932e85
672f62955c04d7efe49334d4,Brosse pour chien,brosse-pour-chien,,true,false,false,false,true,,,,,,,,,,,,,,,,,,,,,,,,,,,,,,,,,,,,,,,,0,,,,0,2024-11-09T13:24:37.871Z,2024-11-09T13:25:26.329Z,672f5d5c5c04d7efe4932e85
672f62a85c04d7efe4933512,Lingettes Chien,lingettes-chien,,true,false,false,false,true,,,,,,,,,,,,,,,,,,,,,,,,,,,,,,,,,,,,,,,,0,,,,0,2024-11-09T13:24:56.134Z,2024-11-09T13:25:28.330Z,672f5d5c5c04d7efe4932e85
672f62b35c04d7efe4933550,Eau de Cologne et Déodorants,eau-de-cologne-et-deodorants,,true,false,false,false,true,,,,,,,,,,,,,,,,,,,,,,,,,,,,,,,,,,,,,,,,0,,,,0,2024-11-09T13:25:07.353Z,2024-11-09T13:25:30.924Z,672f5d5c5c04d7efe4932e85
672f62e95c04d7efe49336ab,Harnais,harnais,,true,false,false,false,true,,,,,,,,,,,,,,,,,,,,,,,,,,,,,,,,,,,,,,,,0,,,,0,2024-11-09T13:26:01.856Z,2024-11-09T13:27:28.848Z,672f5daf5c04d7efe4932ec3
672f63035c04d7efe49336e9,Laisse Chien,laisse-chien,,true,false,false,false,true,,,,,,,,,,,,,,,,,,,,,,,,,,,,,,,,,,,,,,,,0,,,,0,2024-11-09T13:26:27.302Z,2024-11-09T13:27:30.470Z,672f5daf5c04d7efe4932ec3
672f630d5c04d7efe4933727,Collier Chien,collier-chien,,true,false,false,false,true,,,,,,,,,,,,,,,,,,,,,,,,,,,,,,,,,,,,,,,,0,,,,0,2024-11-09T13:26:37.747Z,2024-11-09T13:27:32.660Z,672f5daf5c04d7efe4932ec3
672f63255c04d7efe4933765,Muselière,museliere,,true,false,false,false,true,,,,,,,,,,,,,,,,,,,,,,,,,,,,,,,,,,,,,,,,0,,,,0,2024-11-09T13:27:01.306Z,2024-11-09T13:27:34.468Z,672f5daf5c04d7efe4932ec3
672f63675c04d7efe49338ba,Cage de Transport,cage-de-transport,,true,false,false,false,true,,,,,,,,,,,,,,,,,,,,,,,,,,,,,,,,,,,,,,,,0,,,,0,2024-11-09T13:28:07.502Z,2024-11-09T13:28:43.587Z,672f5dbe5c04d7efe4932f01
672f63715c04d7efe49338f8,Sac de Transport,sac-de-transport,,true,false,false,false,true,,,,,,,,,,,,,,,,,,,,,,,,,,,,,,,,,,,,,,,,0,,,,0,2024-11-09T13:28:17.894Z,2024-11-09T13:28:45.560Z,672f5dbe5c04d7efe4932f01
672f647e5c04d7efe4933a8d,Alimentations Chats,alimentations-chats,,true,false,false,false,true,https://yalla.srv.tn/media/categories/images/category-1731683672619.png,,,,672f65425c04d7efe4933de3,672f65565c04d7efe4933e21,672f65615c04d7efe4933e5f,672f656e5c04d7efe4933e9f,672f65785c04d7efe4933edd,,,,,,,,,,,,,,,,,,,,,,,,,,,,,,,0,,,,0,2024-11-09T13:32:46.907Z,2024-11-15T15:14:32.746Z,672224e5d4dc8d92e616886a
672f64925c04d7efe4933acb,accessoires,litieres,,true,false,false,false,true,https://yalla.srv.tn/media/categories/images/category-1731419928644.png,,,,672f65a15c04d7efe4933ffc,672f65af5c04d7efe493403a,672f65c35c04d7efe4934078,672f65d05c04d7efe49340b6,672f65da5c04d7efe49340f4,,,,,,,,,,,,,,,,,,,,,,,,,,,,,,,0,,,,0,2024-11-09T13:33:06.959Z,2024-11-12T13:58:48.745Z,672224e5d4dc8d92e616886a
672f64a35c04d7efe4933b09,Toilettage et Hygiène chats,toilettage-et-hygiene-chats,,true,false,false,false,true,https://yalla.srv.tn/media/categories/images/category-1731684729152.png,,,,672f66015c04d7efe4934266,672f660c5c04d7efe49342a4,672f66165c04d7efe49342e2,,,,,,,,,,,,,,,,,,,,,,,,,,,,,,,,,0,,,,0,2024-11-09T13:33:23.894Z,2024-11-15T15:32:09.264Z,672224e5d4dc8d92e616886a
672f64b85c04d7efe4933b47,Collier Chat,collier-chat,,true,false,false,false,true,https://yalla.srv.tn/media/categories/images/category-1731684739442.png,,,,,,,,,,,,,,,,,,,,,,,,,,,,,,,,,,,,,,,0,,,,0,2024-11-09T13:33:44.391Z,2024-11-15T15:32:19.563Z,672224e5d4dc8d92e616886a
672f64d35c04d7efe4933b85,Couchage et Arbres à Chat,couchage-et-arbres-a-chat-,,true,false,false,false,true,https://yalla.srv.tn/media/categories/images/category-1731684748855.png,,,,,,,,,,,,,,,,,,,,,,,,,,,,,,,,,,,,,,,0,,,,0,2024-11-09T13:34:11.756Z,2024-11-15T15:32:28.974Z,672224e5d4dc8d92e616886a
672f64e15c04d7efe4933bc3,Transport Chat,transport-chat,,true,false,false,false,true,https://yalla.srv.tn/media/categories/images/category-1731684762389.png,,,,672f66635c04d7efe49344bb,672f66735c04d7efe493451f,,,,,,,,,,,,,,,,,,,,,,,,,,,,,,,,,,0,,,,0,2024-11-09T13:34:25.169Z,2024-11-15T15:32:42.504Z,672224e5d4dc8d92e616886a
672f64f15c04d7efe4933c01,Jouets Chat,jouets-chat,,true,false,false,false,true,https://yalla.srv.tn/media/categories/images/category-1731684775635.png,,,,,,,,,,,,,,,,,,,,,,,,,,,,,,,,,,,,,,,0,,,,0,2024-11-09T13:34:41.180Z,2024-11-15T15:32:55.756Z,672224e5d4dc8d92e616886a
672f64fe5c04d7efe4933c3f,Collier & pipettes Anti Puce Chat,collier--pipettes-anti-puce-chat,,true,false,false,false,true,https://yalla.srv.tn/media/categories/images/category-1731684934736.png,,,,,,,,,,,,,,,,,,,,,,,,,,,,,,,,,,,,,,,0,,,,0,2024-11-09T13:34:54.120Z,2024-11-15T15:35:34.851Z,672224e5d4dc8d92e616886a
672f65425c04d7efe4933de3,Croquettes Chat,croquettes-chat,,true,false,false,false,true,,,,,,,,,,,,,,,,,,,,,,,,,,,,,,,,,,,,,,,,0,,,,0,2024-11-09T13:36:02.408Z,2024-11-09T13:37:14.524Z,672f647e5c04d7efe4933a8d
672f65565c04d7efe4933e21,Pâtée Pour Chat,patee-pour-chat,,true,false,false,false,true,,,,,,,,,,,,,,,,,,,,,,,,,,,,,,,,,,,,,,,,0,,,,0,2024-11-09T13:36:22.884Z,2024-11-09T13:37:16.133Z,672f647e5c04d7efe4933a8d
672f65615c04d7efe4933e5f,Friandises Chat,friandises-chat,,true,false,false,false,true,,,,,,,,,,,,,,,,,,,,,,,,,,,,,,,,,,,,,,,,0,,,,0,2024-11-09T13:36:33.295Z,2024-11-09T13:37:17.737Z,672f647e5c04d7efe4933a8d
672f656e5c04d7efe4933e9f,Compléments Alimentaires chat,complements-alimentaires-chat,,true,false,false,false,true,,,,,,,,,,,,,,,,,,,,,,,,,,,,,,,,,,,,,,,,0,,,,0,2024-11-09T13:36:46.873Z,2024-11-09T13:37:19.581Z,672f647e5c04d7efe4933a8d
672f65785c04d7efe4933edd,Gamelles et Distributeurs chat,gamelles-et-distributeurs-chat,,true,false,false,false,true,,,,,,,,,,,,,,,,,,,,,,,,,,,,,,,,,,,,,,,,0,,,,0,2024-11-09T13:36:56.529Z,2024-11-09T13:37:21.521Z,672f647e5c04d7efe4933a8d
672f65a15c04d7efe4933ffc,Litières Absorbante,litieres-absorbante,,true,false,false,false,true,,,,,,,,,,,,,,,,,,,,,,,,,,,,,,,,,,,,,,,,0,,,,0,2024-11-09T13:37:37.644Z,2024-11-09T13:38:45.628Z,672f64925c04d7efe4933acb
672f65af5c04d7efe493403a,Litières Agglomérantes,litieres-agglomerantes,,true,false,false,false,true,,,,,,,,,,,,,,,,,,,,,,,,,,,,,,,,,,,,,,,,0,,,,0,2024-11-09T13:37:51.555Z,2024-11-09T13:38:47.173Z,672f64925c04d7efe4933acb
672f65c35c04d7efe4934078,Maison de Toilettes,maison-de-toilettes,,true,false,false,false,true,,,,,,,,,,,,,,,,,,,,,,,,,,,,,,,,,,,,,,,,0,,,,0,2024-11-09T13:38:11.752Z,2024-11-09T13:38:48.900Z,672f64925c04d7efe4933acb
672f65d05c04d7efe49340b6,Pelles à Litières,pelles-a-litieres,,true,false,false,false,true,,,,,,,,,,,,,,,,,,,,,,,,,,,,,,,,,,,,,,,,0,,,,0,2024-11-09T13:38:24.806Z,2024-11-09T13:38:50.553Z,672f64925c04d7efe4933acb
672f65da5c04d7efe49340f4,Bac à Litières,bac-a-litieres,,true,false,false,false,true,,,,,,,,,,,,,,,,,,,,,,,,,,,,,,,,,,,,,,,,0,,,,0,2024-11-09T13:38:34.446Z,2024-11-09T13:38:52.331Z,672f64925c04d7efe4933acb
672f66015c04d7efe4934266,Shampoing Chat,shampoing-chat,,true,false,false,false,true,,,,,,,,,,,,,,,,,,,,,,,,,,,,,,,,,,,,,,,,0,,,,0,2024-11-09T13:39:13.562Z,2024-11-09T13:40:07.074Z,672f64a35c04d7efe4933b09
672f660c5c04d7efe49342a4,Brosse pour chat,brosse-pour-chat,,true,false,false,false,true,,,,,,,,,,,,,,,,,,,,,,,,,,,,,,,,,,,,,,,,0,,,,0,2024-11-09T13:39:24.165Z,2024-11-09T13:40:08.805Z,672f64a35c04d7efe4933b09
672f66165c04d7efe49342e2,Lingettes Chat,lingettes-chat,,true,false,false,false,true,,,,,,,,,,,,,,,,,,,,,,,,,,,,,,,,,,,,,,,,0,,,,0,2024-11-09T13:39:34.287Z,2024-11-09T13:40:10.364Z,672f64a35c04d7efe4933b09
672f66635c04d7efe49344bb,Sac de Transport chat,sac-de-transport-chat,,true,false,false,false,true,,,,,,,,,,,,,,,,,,,,,,,,,,,,,,,,,,,,,,,,0,,,,0,2024-11-09T13:40:51.243Z,2024-11-09T13:41:21.677Z,672f64e15c04d7efe4933bc3
672f66735c04d7efe493451f,Cage de Transport chat,cage-de-transport-chat,,true,false,false,false,true,,,,,,,,,,,,,,,,,,,,,,,,,,,,,,,,,,,,,,,,0,,,,0,2024-11-09T13:41:07.074Z,2024-11-09T13:41:23.215Z,672f64e15c04d7efe4933bc3
672f66ee5c04d7efe493470a,Alimentation Oiseaux,alimentation-oiseaux,,true,false,false,false,true,https://yalla.srv.tn/media/categories/images/category-1731685361693.png,,,,,,,,,,,,,,,,,,,,,,,,,,,,,,,,,,,,,,,0,,,,0,2024-11-09T13:43:10.291Z,2024-11-15T15:42:41.802Z,672f677c5c04d7efe493483c
672f66f95c04d7efe4934748,Accessoires Oiseaux,accessoires-oiseaux,,true,false,false,false,true,https://yalla.srv.tn/media/categories/images/category-1731685376134.png,,,,,,,,,,,,,,,,,,,,,,,,,,,,,,,,,,,,,,,0,,,,0,2024-11-09T13:43:21.427Z,2024-11-15T15:42:56.250Z,672f677c5c04d7efe493483c
672f67045c04d7efe4934786,Compléments Oiseaux,complements-oiseaux,,true,false,false,false,true,https://yalla.srv.tn/media/categories/images/category-1731685383708.png,,,,,,,,,,,,,,,,,,,,,,,,,,,,,,,,,,,,,,,0,,,,0,2024-11-09T13:43:32.157Z,2024-11-15T15:43:03.824Z,672f677c5c04d7efe493483c
672f677c5c04d7efe493483c,Oiseaux,oiseaux,,true,false,false,false,true,https://yalla.srv.tn/media/categories/images/category-1731505622400.png,,,,672f66ee5c04d7efe493470a,672f66f95c04d7efe4934748,672f67045c04d7efe4934786,,,,,,,,,,,,,,,,,,,,,,,,,,,,,,,,,0,,,,0,2024-11-09T13:45:32.922Z,2024-11-13T13:47:02.580Z,6722245cd4dc8d92e6168851
672f68d85c04d7efe4934ac1,Android,android,,true,false,false,false,true,https://yalla.srv.tn/media/categories/images/category-1731160421330.png,,,,,,,,,,,,,,,,,,,,,,,,,,,,,,,,,,,,,,,0,,,,0,2024-11-09T13:51:20.119Z,2024-11-09T13:54:03.078Z,672234d3d4dc8d92e6168b0c
672f68f35c04d7efe4934aff,Apple,apple,,true,false,false,false,true,https://yalla.srv.tn/media/categories/images/category-1731160515053.png,,,,,,,,,,,,,,,,,,,,,,,,,,,,,,,,,,,,,,,0,,,,0,2024-11-09T13:51:47.481Z,2024-11-09T13:55:15.122Z,672234d3d4dc8d92e6168b0c
6734df020be89c22b3ad5dc9,Filles,filles,,true,false,false,false,true,,,,,672e2bb55c04d7efe493014f,672e2bca5c04d7efe4930163,672e2bdc5c04d7efe4930177,6734e06c0be89c22b3ad6da9,6734e07b0be89c22b3ad6e23,6734e08b0be89c22b3ad6efe,6734e0a30be89c22b3ad6fdb,6734e1260be89c22b3ad71f2,6734e0d40be89c22b3ad7178,,,,,,,,,,,,,,,,,,,,,,,,,,,0,,,,0,2024-11-13T17:16:50.494Z,2024-11-13T18:07:21.421Z,67237ef8d4dc8d92e61698be
6734df0d0be89c22b3ad5e43,Garçons,garcons,,true,false,false,false,true,,,,,672e2b2b5c04d7efe49300d1,672e2b495c04d7efe49300e5,672e2b5c5c04d7efe49300f9,672e2b735c04d7efe493010f,672e2b7f5c04d7efe4930123,672e2b9c5c04d7efe4930139,672e2b0f5c04d7efe49300bd,672e2afa5c04d7efe49300a7,,,,,,,,,,,,,,,,,,,,,,,,,,,,0,,,,0,2024-11-13T17:17:01.054Z,2024-11-13T17:19:42.592Z,67237ef8d4dc8d92e61698be
6734e06c0be89c22b3ad6da9,Bottes filles,bottes-filles,,true,false,false,false,true,https://yalla.srv.tn/media/categories/images/category-1731518836815.png,,,,,,,,,,,,,,,,,,,,,,,,,,,,,,,,,,,,,,,0,,,,0,2024-11-13T17:22:52.863Z,2024-11-13T17:27:16.870Z,6734df020be89c22b3ad5dc9
6734e07b0be89c22b3ad6e23,Pantalons Filles,pantalons-filles,,true,false,false,false,true,https://yalla.srv.tn/media/categories/images/category-1731518850208.png,,,,,,,,,,,,,,,,,,,,,,,,,,,,,,,,,,,,,,,0,,,,0,2024-11-13T17:23:07.400Z,2024-11-13T17:27:30.265Z,6734df020be89c22b3ad5dc9
6734e08b0be89c22b3ad6efe,Tops & T-shirts,tops--t-shirts,,true,false,false,false,true,https://yalla.srv.tn/media/categories/images/category-1731518862233.png,,,,,,,,,,,,,,,,,,,,,,,,,,,,,,,,,,,,,,,0,,,,0,2024-11-13T17:23:23.447Z,2024-11-13T17:27:42.286Z,6734df020be89c22b3ad5dc9
6734e0a30be89c22b3ad6fdb,Vêtements de sports filles,vetements-de-sports-filles,,true,false,false,false,true,https://yalla.srv.tn/media/categories/images/category-1731518873814.png,,,,,,,,,,,,,,,,,,,,,,,,,,,,,,,,,,,,,,,0,,,,0,2024-11-13T17:23:47.372Z,2025-01-14T11:48:50.340Z,6734df020be89c22b3ad5dc9
6734e0d40be89c22b3ad7178,Vestes filles,vestes-filles,,true,false,false,false,true,https://yalla.srv.tn/media/categories/images/category-1731518962655.png,,,,,,,,,,,,,,,,,,,,,,,,,,,,,,,,,,,,,,,0,,,,0,2024-11-13T17:24:36.351Z,2024-11-13T17:29:22.713Z,6734df020be89c22b3ad5dc9
6734e1260be89c22b3ad71f2,Pull & Gilet filles,pull--gilet-filles,,true,false,false,false,true,https://yalla.srv.tn/media/categories/images/category-1731518895670.png,,,,,,,,,,,,,,,,,,,,,,,,,,,,,,,,,,,,,,,0,,,,0,2024-11-13T17:25:58.705Z,2024-11-13T17:28:15.728Z,6734df020be89c22b3ad5dc9
673608600be89c22b3adead5,Smartphones,smartphones,,true,false,false,false,true,https://yalla.srv.tn/media/categories/images/category-1731594477026.png,,,,,,,,,,,,,,,,,,673609f40be89c22b3adef77,67360a800be89c22b3adf008,67360b180be89c22b3adf04a,67360b9d0be89c22b3adf08c,67360c320be89c22b3adf178,67360e6d0be89c22b3adfa2c,67360eaf0be89c22b3adfa6e,673677ec0be89c22b3ae1530,673c8af20be89c22b3ae6719,675c80751cda9b7bfd685be1,,,,,,,,,,,,0,,,,0,2024-11-14T14:25:36.768Z,2024-12-13T18:44:05.372Z,6721600dd4dc8d92e61686bf
673d0d4b0be89c22b3ae74ce,Trottinettes Electrique,trottinettes-electrique,,true,false,false,false,true,,,,,,,,,,,,,,,,,,,673d0dbe0be89c22b3ae75cc,673d0e660be89c22b3ae7602,673d0f200be89c22b3ae7659,673d0f8a0be89c22b3ae7674,,,,,,,,,,,,,,,,,,0,,,,0,2024-11-19T22:12:27.742Z,2024-11-19T22:22:02.562Z,67222d96d4dc8d92e6168959
677bc7994dc457b7d6a96b58,Bestsellers,bestsellers,,true,true,false,false,false,https://yalla.srv.tn/media/categories/images/category-gif_bullefetah-1736865397614.gif,https://yalla.srv.tn/media/categories/covers/cover-BESTSELLERS-gif-1736608221440.gif,,,,,,,,,,,,,,,,,67910d5cdc4d3a935afade1c,,,,,,,,,,,,,,,,,,,,,0,,,,3,2025-01-06T12:07:53.100Z,2025-01-22T15:23:09.033Z,
67828111250893ddf960038c,Vente Flash,vente-flash,,true,true,false,false,false,https://yalla.srv.tn/media/categories/images/category-gif_bulletest-1736864080348.gif,https://yalla.srv.tn/media/categories/covers/cover-testflash-1736607751352.png,,,,,,,,,,,,,,,,,,,,,,,,,,,,,,,,,,,,,,0,,,,2,2025-01-11T14:32:49.462Z,2025-01-14T16:07:52.724Z,
